ts,pv_kw,grid_kw,load_kw,battery_kw,battery_soc,cloud_cover,irradiance,temperature,wind_speed,precipitation,pv_daily_kwh,pv_month_kwh,pv_year_kwh,pv_life_kwh,inv1_temp,inv2_temp,inv3_temp,inv1_pv_kw,inv2_pv_kw,inv3_pv_kw,bat_dischd,co2_saved,coal_saved,trees,inv1_pv1_v,inv1_pv1_a,inv1_pv2_v,inv1_pv2_a,inv1_pv3_v,inv1_pv3_a,inv1_pv4_v,inv1_pv4_a,inv2_pv1_v,inv2_pv1_a,inv2_pv2_v,inv2_pv2_a,inv2_pv3_v,inv2_pv3_a,inv2_pv4_v,inv2_pv4_a,inv3_pv1_v,inv3_pv1_a,inv3_pv2_v,inv3_pv2_a,inv3_pv3_v,inv3_pv3_a,inv3_pv4_v,inv3_pv4_a,phase_a_v,phase_a_a,phase_b_v,phase_b_a,phase_c_v,phase_c_a,power_factor,grid_freq
2026-06-30T08:30:31.586650+00:00,12.6,-15.94,15.94,12.6,38.0,100.0,243.0,19.4,7.9,0.0,14.72,4929.53,46456.6,53297.53,0.0,0.0,0.0,3.56,2.98,4.23,19.65,25.32,21.32,34.59,521.8,1.8,528.2,1.67,522.4,1.77,0.0,0.0,521.8,1.72,520.8,1.74,526.3,1.67,0.0,0.0,523.4,2.55,523.6,2.54,525.0,2.52,525.2,2.52,239.46,0.62,241.9,0.63,237.9,0.64,-0.998,49.98
2026-06-30T08:50:01.759409+00:00,8.0,-15.53,15.43,8.1,42.4,98.0,243.0,19.6,5.5,0.0,18.63,4933.44,46460.51,53301.44,0.0,0.0,0.0,0.0,2.18,3.08,0.0,25.32,21.32,34.59,0.0,0.0,0.0,0.0,0.0,0.0,0.0,0.0,516.7,1.94,517.0,1.94,522.5,1.9,0.0,0.0,516.4,1.99,516.6,1.97,516.6,1.99,517.9,1.99,0.0,0.0,0.0,0.0,0.0,0.0,0.0,0.0
2026-06-30T08:55:01.424466+00:00,8.1,-22.75,22.75,8.1,43.2,98.0,243.0,19.6,5.5,0.0,19.22,4934.03,46461.1,53302.03,0.0,0.0,0.0,0.0,2.18,3.13,0.0,25.32,21.32,34.59,0.0,0.0,0.0,0.0,0.0,0.0,0.0,0.0,512.8,1.48,513.3,1.5,520.7,1.49,0.0,0.0,513.8,1.55,511.4,1.57,511.5,1.59,513.9,1.58,0.0,0.0,0.0,0.0,0.0,0.0,0.0,0.0
2026-06-30T08:55:23.059185+00:00,8.1,-22.75,22.75,8.1,43.2,98.0,243.0,19.6,5.5,0.0,19.22,4934.03,46461.1,53302.03,0.0,0.0,0.0,2.26,2.17,3.13,19.65,25.32,21.32,34.59,515.7,1.54,516.4,1.49,512.3,1.55,0.0,0.0,512.8,1.48,513.3,1.5,520.7,1.49,0.0,0.0,513.8,1.55,511.4,1.57,511.5,1.59,513.9,1.58,238.88,0.5,241.46,0.52,237.99,0.52,-0.994,50.14
2026-06-30T09:00:01.293588+00:00,12.6,-19.78,19.78,12.6,44.2,94.0,286.0,19.7,5.0,0.0,19.83,4934.64,46461.71,53302.64,0.0,0.0,0.0,0.0,0.0,4.96,0.0,25.32,21.32,34.59,0.0,0.0,0.0,0.0,0.0,0.0,0.0,0.0,0.0,0.0,0.0,0.0,0.0,0.0,0.0,0.0,513.3,1.61,514.3,1.6,512.6,1.63,511.7,1.63,0.0,0.0,0.0,0.0,0.0,0.0,0.0,0.0
2026-06-30T09:05:01.736809+00:00,17.9,-16.72,16.82,17.8,45.7,94.0,286.0,19.7,5.0,0.0,20.65,4935.46,46462.53,53303.46,0.0,0.0,0.0,0.0,3.48,4.96,0.0,25.32,21.32,34.59,0.0,0.0,0.0,0.0,0.0,0.0,0.0,0.0,521.8,2.03,520.9,2.04,529.7,1.92,0.0,0.0,517.1,2.17,519.5,2.13,519.5,2.12,519.2,2.11,0.0,0.0,0.0,0.0,0.0,0.0,0.0,0.0
2026-06-30T09:10:01.773511+00:00,13.0,-21.02,21.02,13.0,47.5,94.0,286.0,19.7,5.0,0.0,21.81,4936.62,46463.69,53304.62,0.0,0.0,0.0,0.0,5.02,5.07,0.0,25.32,21.32,34.59,0.0,0.0,0.0,0.0,0.0,0.0,0.0,0.0,529.4,2.79,526.2,2.83,534.3,2.68,0.0,0.0,522.3,2.93,525.6,2.9,524.6,2.88,521.8,2.9,0.0,0.0,0.0,0.0,0.0,0.0,0.0,0.0
2026-06-30T09:15:01.755498+00:00,8.6,-15.02,15.02,8.6,48.5,85.0,286.0,19.8,4.8,0.0,23.19,4938.0,46465.07,53306.0,0.0,0.0,0.0,0.0,0.0,5.07,0.0,25.32,21.32,34.59,0.0,0.0,0.0,0.0,0.0,0.0,0.0,0.0,0.0,0.0,0.0,0.0,0.0,0.0,0.0,0.0,524.6,3.41,525.3,3.4,523.8,3.41,523.8,3.42,0.0,0.0,0.0,0.0,0.0,0.0,0.0,0.0
2026-06-30T09:20:01.644374+00:00,10.8,-13.38,13.38,10.8,49.6,85.0,286.0,19.8,4.8,0.0,23.99,4938.8,46465.87,53306.8,0.0,0.0,0.0,0.0,2.33,3.33,0.0,25.32,21.32,34.59,0.0,0.0,0.0,0.0,0.0,0.0,0.0,0.0,516.8,2.01,514.8,2.02,521.6,1.95,0.0,0.0,514.7,2.09,515.7,2.06,517.0,2.03,516.7,2.03,0.0,0.0,0.0,0.0,0.0,0.0,0.0,0.0
2026-06-30T09:25:01.338259+00:00,9.5,-15.89,15.79,9.6,50.6,85.0,286.0,19.8,4.8,0.0,24.8,4939.61,46466.68,53307.61,0.0,0.0,0.0,0.0,2.63,3.68,0.0,25.32,21.32,34.59,0.0,0.0,0.0,0.0,0.0,0.0,0.0,0.0,518.0,2.02,514.5,2.06,524.0,1.95,0.0,0.0,516.1,2.13,517.0,2.1,519.0,2.05,517.7,2.06,0.0,0.0,0.0,0.0,0.0,0.0,0.0,0.0
2026-06-30T09:30:01.310175+00:00,10.5,-17.82,17.82,10.5,51.7,71.0,286.0,19.9,4.8,0.0,25.58,4940.39,46467.46,53308.39,0.0,0.0,0.0,0.0,2.9,4.11,0.0,25.32,21.32,34.59,0.0,0.0,0.0,0.0,0.0,0.0,0.0,0.0,518.0,1.98,514.3,2.02,519.6,1.91,0.0,0.0,516.8,2.07,515.8,2.04,516.8,1.98,517.7,1.99,0.0,0.0,0.0,0.0,0.0,0.0,0.0,0.0
2026-06-30T09:35:01.589855+00:00,9.0,-23.44,23.44,9.0,52.7,71.0,286.0,19.9,4.8,0.0,26.47,4941.28,46468.35,53309.28,0.0,0.0,0.0,0.0,2.45,3.55,0.0,25.32,21.32,34.59,0.0,0.0,0.0,0.0,0.0,0.0,0.0,0.0,521.5,2.18,517.2,2.25,523.5,2.18,0.0,0.0,520.6,2.3,520.7,2.29,520.6,2.27,517.8,2.29,0.0,0.0,0.0,0.0,0.0,0.0,0.0,0.0
2026-06-30T09:50:01.568559+00:00,6.3,-17.44,17.44,6.3,55.2,59.0,286.0,20.0,5.2,0.0,28.64,4943.45,46470.52,53311.45,0.0,0.0,0.0,0.0,1.68,2.38,0.0,25.32,21.32,34.59,0.0,0.0,0.0,0.0,0.0,0.0,0.0,0.0,516.6,1.69,513.8,1.7,524.1,1.6,0.0,0.0,512.2,1.77,513.0,1.74,514.8,1.72,514.0,1.72,0.0,0.0,0.0,0.0,0.0,0.0,0.0,0.0
2026-06-30T10:00:01.509813+00:00,7.9,-16.19,16.29,7.8,56.7,52.0,295.0,20.2,5.5,0.0,29.7,4944.51,46471.58,53312.51,0.0,0.0,0.0,0.0,0.0,3.05,0.0,25.32,21.33,34.59,0.0,0.0,0.0,0.0,0.0,0.0,0.0,0.0,0.0,0.0,0.0,0.0,0.0,0.0,0.0,0.0,510.1,1.52,513.5,1.5,511.9,1.47,512.7,1.48,0.0,0.0,0.0,0.0,0.0,0.0,0.0,0.0
2026-06-30T10:05:01.357747+00:00,7.6,-17.22,17.32,7.5,57.4,52.0,295.0,20.2,5.5,0.0,30.36,4945.17,46472.24,53313.17,0.0,0.0,0.0,0.0,2.13,3.05,0.0,25.32,21.33,34.6,0.0,0.0,0.0,0.0,0.0,0.0,0.0,0.0,517.2,1.66,516.5,1.67,526.7,1.62,0.0,0.0,514.3,1.75,514.2,1.74,516.5,1.76,517.7,1.74,0.0,0.0,0.0,0.0,0.0,0.0,0.0,0.0
2026-06-30T10:10:01.425719+00:00,9.3,-23.84,23.84,9.3,58.3,52.0,295.0,20.2,5.5,0.0,30.92,4945.73,46472.8,53313.73,0.0,0.0,0.0,0.0,2.53,3.61,0.0,25.32,21.33,34.6,0.0,0.0,0.0,0.0,0.0,0.0,0.0,0.0,514.3,1.41,512.9,1.48,521.4,1.42,0.0,0.0,511.4,1.56,516.0,1.54,511.9,1.54,513.9,1.54,0.0,0.0,0.0,0.0,0.0,0.0,0.0,0.0
2026-06-30T10:15:01.946447+00:00,11.6,-14.26,14.36,11.5,59.4,52.0,295.0,20.4,5.8,0.0,31.6,4946.41,46473.48,53314.41,0.0,0.0,0.0,0.0,2.53,4.49,0.0,25.32,21.33,34.6,0.0,0.0,0.0,0.0,0.0,0.0,0.0,0.0,517.4,1.74,516.9,1.74,522.8,1.69,0.0,0.0,514.5,1.81,517.8,1.77,515.7,1.79,515.5,1.79,0.0,0.0,0.0,0.0,0.0,0.0,0.0,0.0
2026-06-30T10:25:01.344177+00:00,14.8,-20.82,20.92,14.7,61.8,52.0,295.0,20.4,5.8,0.0,33.35,4948.16,46475.23,53316.16,0.0,0.0,0.0,0.0,2.93,4.1,0.0,25.33,21.33,34.6,0.0,0.0,0.0,0.0,0.0,0.0,0.0,0.0,522.2,2.22,520.5,2.29,526.6,2.21,0.0,0.0,520.8,2.34,520.6,2.34,516.9,2.33,521.6,2.31,0.0,0.0,0.0,0.0,0.0,0.0,0.0,0.0
2026-06-30T10:30:01.426949+00:00,12.7,-27.71,27.71,12.7,63.3,58.0,295.0,20.8,6.3,0.0,34.36,4949.17,46476.24,53317.17,0.0,0.0,0.0,0.0,4.17,5.01,0.0,25.33,21.33,34.6,0.0,0.0,0.0,0.0,0.0,0.0,0.0,0.0,523.1,2.49,520.7,2.54,531.4,2.41,0.0,0.0,521.3,2.57,518.3,2.58,520.0,2.56,521.6,2.55,0.0,0.0,0.0,0.0,0.0,0.0,0.0,0.0
2026-06-30T10:35:01.255065+00:00,8.6,-18.03,17.93,8.7,64.3,58.0,295.0,20.8,6.3,0.0,35.48,4950.29,46477.36,53318.29,0.0,0.0,0.0,0.0,2.36,5.01,0.0,25.33,21.33,34.6,0.0,0.0,0.0,0.0,0.0,0.0,0.0,0.0,522.6,2.76,520.0,2.8,531.0,2.63,0.0,0.0,521.7,2.85,520.5,2.84,521.0,2.83,520.1,2.82,0.0,0.0,0.0,0.0,0.0,0.0,0.0,0.0
2026-06-30T10:40:01.773998+00:00,5.8,-15.16,15.16,5.8,65.0,58.0,295.0,20.8,6.3,0.0,36.33,4951.14,46478.21,53319.14,0.0,0.0,0.0,0.0,2.36,3.37,0.0,25.33,21.33,34.6,0.0,0.0,0.0,0.0,0.0,0.0,0.0,0.0,516.0,2.1,512.7,2.14,522.7,2.02,0.0,0.0,513.9,2.21,516.8,2.17,516.1,2.15,514.2,2.15,0.0,0.0,0.0,0.0,0.0,0.0,0.0,0.0
2026-06-30T10:45:01.430329+00:00,6.1,-9.43,9.43,6.1,65.6,65.0,295.0,21.1,6.9,0.0,36.89,4951.7,46478.77,53319.7,0.0,0.0,0.0,0.0,1.5,2.36,0.0,25.33,21.33,34.6,0.0,0.0,0.0,0.0,0.0,0.0,0.0,0.0,506.8,1.47,507.6,1.48,514.7,1.41,0.0,0.0,508.3,1.55,507.3,1.53,508.2,1.51,508.5,1.5,0.0,0.0,0.0,0.0,0.0,0.0,0.0,0.0
2026-06-30T10:50:01.856898+00:00,6.9,-8.93,8.93,6.9,66.2,65.0,295.0,21.1,6.9,0.0,37.32,4952.13,46479.2,53320.13,0.0,0.0,0.0,0.0,1.84,2.67,0.0,25.33,21.33,34.6,0.0,0.0,0.0,0.0,0.0,0.0,0.0,0.0,505.0,1.25,503.1,1.23,511.7,1.1,0.0,0.0,504.3,1.3,503.0,1.23,502.6,1.18,503.6,1.19,0.0,0.0,0.0,0.0,0.0,0.0,0.0,0.0
2026-06-30T10:55:01.399305+00:00,12.2,-19.13,19.13,12.2,67.1,65.0,295.0,21.1,6.9,0.0,37.83,4952.64,46479.71,53320.64,0.0,0.0,0.0,0.0,3.33,4.82,0.0,25.33,21.33,34.6,0.0,0.0,0.0,0.0,0.0,0.0,0.0,0.0,513.4,1.38,509.7,1.44,517.0,1.35,0.0,0.0,507.7,1.52,512.5,1.48,510.7,1.45,509.6,1.46,0.0,0.0,0.0,0.0,0.0,0.0,0.0,0.0
2026-06-30T11:00:01.260080+00:00,19.0,-16.41,16.51,18.9,68.8,71.0,463.0,21.2,7.3,0.0,38.54,4953.35,46480.42,53321.35,0.0,0.0,0.0,0.0,0.0,7.54,0.0,25.33,21.33,34.6,0.0,0.0,0.0,0.0,0.0,0.0,0.0,0.0,0.0,0.0,0.0,0.0,0.0,0.0,0.0,0.0,514.7,1.91,514.1,1.9,515.0,1.88,516.8,1.88,0.0,0.0,0.0,0.0,0.0,0.0,0.0,0.0
2026-06-30T11:05:01.318566+00:00,20.3,-11.46,11.36,20.4,70.8,71.0,463.0,21.2,7.3,0.0,39.88,4954.69,46481.76,53322.69,0.0,0.0,0.0,0.0,5.28,7.54,0.0,25.33,21.33,34.6,0.0,0.0,0.0,0.0,0.0,0.0,0.0,0.0,531.5,3.22,528.5,3.25,539.4,3.0,0.0,0.0,522.4,3.42,524.3,3.4,527.0,3.39,525.0,3.41,0.0,0.0,0.0,0.0,0.0,0.0,0.0,0.0
2026-06-30T11:15:01.498297+00:00,20.7,-18.19,18.19,20.7,74.8,77.0,463.0,21.2,7.5,0.0,42.98,4957.79,46484.86,53325.79,0.0,0.0,0.0,0.0,5.78,8.25,0.0,25.33,21.33,34.6,0.0,0.0,0.0,0.0,0.0,0.0,0.0,0.0,525.0,3.66,528.4,3.67,540.1,3.32,0.0,0.0,522.4,4.18,520.4,4.19,524.4,4.23,522.2,4.27,0.0,0.0,0.0,0.0,0.0,0.0,0.0,0.0
2026-06-30T11:20:02.004180+00:00,22.0,-19.38,19.38,22.0,77.2,77.0,463.0,21.2,7.5,0.0,44.65,4959.46,46486.53,53327.46,0.0,0.0,0.0,0.0,6.14,8.93,0.0,25.33,21.33,34.6,0.0,0.0,0.0,0.0,0.0,0.0,0.0,0.0,531.9,4.06,530.2,3.99,543.3,3.56,0.0,0.0,522.4,4.18,520.4,4.19,524.4,4.23,522.2,4.27,0.0,0.0,0.0,0.0,0.0,0.0,0.0,0.0
2026-06-30T11:25:01.914649+00:00,17.6,-16.05,16.05,17.6,79.4,77.0,463.0,21.2,7.5,0.0,46.47,4961.28,46488.35,53329.28,0.0,0.0,0.0,5.11,5.01,6.97,19.65,25.33,21.33,34.61,523.7,4.65,548.4,3.81,524.2,4.59,0.0,0.0,533.2,4.41,531.2,4.34,543.0,3.61,0.0,0.0,521.6,4.59,519.6,4.62,523.1,4.64,519.8,4.68,240.34,1.13,242.47,1.14,238.64,1.15,-1.0,50.13
2026-06-30T11:35:01.927749+00:00,20.5,-18.55,18.55,20.5,83.3,85.0,463.0,21.1,7.7,0.0,49.67,4964.48,46491.55,53332.48,0.0,0.0,0.0,0.0,5.36,7.61,0.0,25.33,21.33,34.61,0.0,0.0,0.0,0.0,0.0,0.0,0.0,0.0,523.0,3.66,521.3,3.67,532.6,3.34,0.0,0.0,515.0,3.76,514.1,3.77,519.2,3.78,516.7,3.81,0.0,0.0,0.0,0.0,0.0,0.0,0.0,0.0
2026-06-30T11:40:01.879247+00:00,17.0,-15.75,15.75,17.0,84.9,85.0,463.0,21.1,7.7,0.0,51.27,4966.08,46493.15,53334.08,0.0,0.0,0.0,0.0,5.94,6.98,0.0,25.33,21.33,34.61,0.0,0.0,0.0,0.0,0.0,0.0,0.0,0.0,525.3,4.06,531.2,3.79,545.8,3.24,0.0,0.0,516.9,4.07,512.3,4.08,521.2,4.12,515.2,4.2,0.0,0.0,0.0,0.0,0.0,0.0,0.0,0.0
2026-06-30T11:45:01.287884+00:00,19.3,-10.8,10.9,19.2,87.0,91.0,463.0,20.9,7.6,0.0,52.56,4967.37,46494.44,53335.37,0.0,0.0,0.0,0.0,4.82,8.26,0.0,25.33,21.33,34.61,0.0,0.0,0.0,0.0,0.0,0.0,0.0,0.0,525.0,3.22,524.8,3.16,542.9,2.62,0.0,0.0,512.8,3.36,511.6,3.36,520.2,3.34,516.1,3.41,0.0,0.0,0.0,0.0,0.0,0.0,0.0,0.0
2026-06-30T11:50:01.176592+00:00,20.5,-10.24,9.94,20.8,89.2,91.0,463.0,20.9,7.6,0.0,54.24,4969.05,46496.12,53337.05,0.0,0.0,0.0,0.0,3.99,8.78,0.0,25.34,21.33,34.61,0.0,0.0,0.0,0.0,0.0,0.0,0.0,0.0,521.5,4.27,526.8,3.45,521.9,2.91,0.0,0.0,520.8,4.47,518.6,4.55,518.4,4.61,515.8,4.74,0.0,0.0,0.0,0.0,0.0,0.0,0.0,0.0
2026-06-30T11:55:01.941787+00:00,12.7,-20.08,20.08,12.7,91.4,91.0,463.0,20.9,7.6,0.0,55.99,4970.8,46497.87,53338.8,0.0,0.0,0.0,0.0,3.99,8.78,0.0,25.34,21.34,34.61,0.0,0.0,0.0,0.0,0.0,0.0,0.0,0.0,519.1,4.79,490.8,3.03,525.5,2.5,0.0,0.0,514.7,4.81,510.2,4.84,517.2,4.88,523.2,4.98,0.0,0.0,0.0,0.0,0.0,0.0,0.0,0.0
2026-06-30T12:05:01.948146+00:00,23.217,-9.56,11.66,21.117,96.0,92.0,303.0,20.7,7.9,0.0,59.56,4974.37,46501.44,53342.37,0.0,0.0,0.0,0.0,5.35,11.36,0.0,25.34,21.34,34.61,0.0,0.0,0.0,0.0,0.0,0.0,0.0,0.0,508.0,5.07,401.9,5.03,492.8,2.65,0.0,0.0,513.8,5.02,510.1,5.08,500.6,5.2,521.3,5.24,0.0,0.0,0.0,0.0,0.0,0.0,0.0,0.0
2026-06-30T12:10:01.298824+00:00,25.994,-13.6,18.3,21.294,98.2,92.0,303.0,20.7,7.9,0.0,61.38,4976.19,46503.26,53344.19,0.0,0.0,0.0,0.0,5.84,11.92,0.0,25.34,21.34,34.62,0.0,0.0,0.0,0.0,0.0,0.0,0.0,0.0,509.6,4.96,397.1,4.98,459.5,3.13,0.0,0.0,519.2,4.75,518.7,4.82,498.0,5.03,520.7,5.1,0.0,0.0,0.0,0.0,0.0,0.0,0.0,0.0
2026-06-30T12:15:02.131837+00:00,22.417,-2.23,21.03,3.617,99.8,87.0,303.0,20.5,8.2,0.0,63.34,4978.15,46505.22,53346.15,0.0,0.0,0.0,0.0,5.84,11.92,0.0,25.34,21.34,34.62,0.0,0.0,0.0,0.0,0.0,0.0,0.0,0.0,505.6,5.36,414.8,4.63,456.0,3.07,0.0,0.0,518.7,5.26,517.2,5.32,494.5,5.52,517.6,5.7,0.0,0.0,0.0,0.0,0.0,0.0,0.0,0.0
2026-06-30T12:20:01.939917+00:00,19.3,-1.77,21.07,0.0,100.0,87.0,303.0,20.5,8.2,0.0,65.2,4980.01,46507.08,53348.01,0.0,0.0,0.0,0.0,3.78,9.24,0.0,25.34,21.34,34.62,0.0,0.0,0.0,0.0,0.0,0.0,0.0,0.0,508.7,5.26,393.6,4.08,474.8,2.53,0.0,0.0,518.3,5.06,519.9,5.12,484.6,5.35,527.5,5.39,0.0,0.0,0.0,0.0,0.0,0.0,0.0,0.0
2026-06-30T12:25:01.559237+00:00,20.3,0.5,19.8,0.0,100.0,87.0,303.0,20.5,8.2,0.0,67.06,4981.87,46508.94,53349.87,0.0,0.0,0.0,0.0,4.4,9.35,0.0,25.34,21.34,34.62,0.0,0.0,0.0,0.0,0.0,0.0,0.0,0.0,509.8,5.42,409.2,3.68,493.3,2.1,0.0,0.0,519.9,4.76,521.0,4.81,470.4,5.15,525.0,5.23,0.0,0.0,0.0,0.0,0.0,0.0,0.0,0.0
2026-06-30T12:30:01.585688+00:00,19.1,8.2,10.9,0.0,100.0,77.0,303.0,20.3,8.5,0.0,68.81,4983.62,46510.69,53351.62,0.0,0.0,0.0,0.0,4.14,8.84,0.0,25.34,21.34,34.62,0.0,0.0,0.0,0.0,0.0,0.0,0.0,0.0,509.5,4.88,409.6,3.25,533.5,1.61,0.0,0.0,519.9,4.76,521.0,4.81,470.4,5.15,525.0,5.23,0.0,0.0,0.0,0.0,0.0,0.0,0.0,0.0
2026-06-30T12:35:01.257707+00:00,18.2,0.63,17.57,0.0,100.0,77.0,303.0,20.3,8.5,0.0,70.46,4985.27,46512.34,53353.27,0.0,0.0,0.0,0.0,4.14,8.84,0.0,25.34,21.34,34.62,0.0,0.0,0.0,0.0,0.0,0.0,0.0,0.0,509.5,4.88,409.6,3.25,533.5,1.61,0.0,0.0,519.6,4.52,522.8,4.56,462.1,4.97,526.1,5.02,0.0,0.0,0.0,0.0,0.0,0.0,0.0,0.0
2026-06-30T12:40:01.895118+00:00,14.5,-8.89,23.39,0.0,100.0,37.0,303.0,20.3,8.5,0.0,72.01,4986.82,46513.89,53354.82,0.0,0.0,0.0,0.0,3.03,8.29,0.0,25.34,21.34,34.62,0.0,0.0,0.0,0.0,0.0,0.0,0.0,0.0,511.2,4.59,380.8,3.01,490.7,1.77,0.0,0.0,520.5,4.25,522.7,4.3,454.7,4.73,525.3,4.76,0.0,0.0,0.0,0.0,0.0,0.0,0.0,0.0
2026-06-30T12:45:01.404908+00:00,7.2,-7.65,14.85,0.0,100.0,29.0,303.0,20.1,8.8,0.0,73.31,4988.12,46515.19,53356.12,0.0,0.0,0.0,0.0,0.0,6.58,0.0,25.34,21.34,34.62,0.0,0.0,0.0,0.0,0.0,0.0,0.0,0.0,0.0,0.0,0.0,0.0,0.0,0.0,0.0,0.0,520.5,3.59,522.5,3.65,453.9,3.99,528.0,3.98,0.0,0.0,0.0,0.0,0.0,0.0,0.0,0.0
2026-06-30T12:50:01.600249+00:00,8.9,-5.44,14.34,0.0,100.0,29.0,303.0,20.1,8.8,0.0,74.16,4988.97,46516.04,53356.97,0.0,0.0,0.0,0.0,1.7,3.89,0.0,25.34,21.34,34.62,0.0,0.0,0.0,0.0,0.0,0.0,0.0,0.0,510.0,2.59,245.8,2.6,437.4,1.89,0.0,0.0,518.8,2.31,516.2,2.35,476.4,2.55,521.1,2.62,0.0,0.0,0.0,0.0,0.0,0.0,0.0,0.0
2026-06-30T12:55:01.486661+00:00,9.3,-3.8,13.1,0.0,100.0,29.0,366.0,20.1,8.8,0.0,74.85,4989.66,46516.73,53357.66,0.0,0.0,0.0,0.0,2.64,4.03,0.0,25.34,21.34,34.62,0.0,0.0,0.0,0.0,0.0,0.0,0.0,0.0,514.6,1.81,439.5,1.73,457.4,1.68,0.0,0.0,511.7,1.86,512.3,1.89,523.4,1.89,516.5,1.99,0.0,0.0,0.0,0.0,0.0,0.0,0.0,0.0
2026-06-30T13:05:01.419065+00:00,9.9,-2.19,12.09,0.0,100.0,27.0,237.0,20.2,8.9,0.0,76.49,4991.3,46518.37,53359.3,0.0,0.0,0.0,0.0,2.81,4.67,0.0,25.35,21.34,34.63,0.0,0.0,0.0,0.0,0.0,0.0,0.0,0.0,525.2,2.32,528.7,1.92,529.8,1.86,0.0,0.0,521.6,2.33,521.1,2.34,530.4,2.3,525.0,2.47,0.0,0.0,0.0,0.0,0.0,0.0,0.0,0.0
2026-06-30T13:10:01.830660+00:00,12.3,-10.24,22.54,0.0,100.0,27.0,237.0,20.2,8.9,0.0,77.33,4992.14,46519.21,53360.14,0.0,0.0,0.0,0.0,3.08,5.57,0.0,25.35,21.34,34.63,0.0,0.0,0.0,0.0,0.0,0.0,0.0,0.0,521.7,2.18,525.0,1.88,533.3,1.81,0.0,0.0,521.8,2.28,519.3,2.33,530.2,2.27,526.1,2.4,0.0,0.0,0.0,0.0,0.0,0.0,0.0,0.0
2026-06-30T13:20:02.033936+00:00,13.0,-9.91,22.91,0.0,100.0,37.0,237.0,20.0,8.6,0.0,79.06,4993.87,46520.94,53361.87,0.0,0.0,0.0,0.0,2.95,4.43,0.0,25.35,21.34,34.63,0.0,0.0,0.0,0.0,0.0,0.0,0.0,0.0,527.8,2.18,525.5,1.84,513.4,1.9,0.0,0.0,528.6,2.25,520.1,2.36,535.3,2.28,528.7,2.48,0.0,0.0,0.0,0.0,0.0,0.0,0.0,0.0
2026-06-30T13:25:01.769071+00:00,12.8,-14.04,26.84,0.0,100.0,37.0,237.0,20.0,8.6,0.0,79.97,4994.78,46521.85,53362.78,0.0,0.0,0.0,0.0,3.31,5.91,0.0,25.35,21.35,34.63,0.0,0.0,0.0,0.0,0.0,0.0,0.0,0.0,522.9,2.34,527.0,1.94,511.1,2.05,0.0,0.0,529.1,2.37,522.1,2.48,536.3,2.42,529.2,2.65,0.0,0.0,0.0,0.0,0.0,0.0,0.0,0.0
2026-06-30T13:30:01.629543+00:00,10.0,-9.48,19.48,0.0,100.0,56.0,237.0,19.9,8.5,0.0,81.11,4995.92,46522.99,53363.92,0.0,0.0,0.0,0.0,3.31,5.91,0.0,25.35,21.35,34.63,0.0,0.0,0.0,0.0,0.0,0.0,0.0,0.0,481.3,3.04,529.3,1.93,486.4,2.87,0.0,0.0,545.1,2.7,525.3,3.28,552.8,2.89,531.4,3.67,0.0,0.0,0.0,0.0,0.0,0.0,0.0,0.0
2026-06-30T13:35:01.836044+00:00,9.2,-14.23,23.43,0.0,100.0,56.0,237.0,19.9,8.5,0.0,82.05,4996.86,46523.93,53364.86,0.0,0.0,0.0,0.0,2.46,4.3,0.0,25.35,21.35,34.63,0.0,0.0,0.0,0.0,0.0,0.0,0.0,0.0,428.4,2.9,527.7,1.45,489.5,2.35,0.0,0.0,546.2,2.24,523.2,2.81,553.1,2.43,532.2,3.17,0.0,0.0,0.0,0.0,0.0,0.0,0.0,0.0
2026-06-30T13:40:01.931497+00:00,9.6,-15.36,24.96,0.0,100.0,56.0,237.0,19.9,8.5,0.0,82.87,4997.68,46524.75,53365.68,0.0,0.0,0.0,0.0,2.34,4.42,0.0,25.35,21.35,34.63,0.0,0.0,0.0,0.0,0.0,0.0,0.0,0.0,452.7,2.32,522.5,1.3,489.0,2.08,0.0,0.0,546.9,1.93,522.0,2.51,550.4,2.13,530.2,2.85,0.0,0.0,0.0,0.0,0.0,0.0,0.0,0.0
2026-06-30T13:45:01.262345+00:00,8.6,-19.35,27.95,0.0,100.0,74.0,237.0,19.7,8.1,0.0,83.64,4998.45,46525.52,53366.45,0.0,0.0,0.0,0.0,2.34,4.09,0.0,25.35,21.35,34.63,0.0,0.0,0.0,0.0,0.0,0.0,0.0,0.0,497.7,1.93,522.9,1.21,488.3,1.97,0.0,0.0,541.0,1.78,517.3,2.31,551.9,1.95,531.9,2.67,0.0,0.0,0.0,0.0,0.0,0.0,0.0,0.0
2026-06-30T13:50:01.574558+00:00,6.5,-17.66,24.16,0.0,100.0,74.0,237.0,19.7,8.1,0.0,84.4,4999.21,46526.28,53367.21,0.0,0.0,0.0,0.0,2.15,4.09,0.0,25.35,21.35,34.63,0.0,0.0,0.0,0.0,0.0,0.0,0.0,0.0,498.9,1.92,525.0,1.3,483.8,2.0,0.0,0.0,541.1,1.79,522.5,2.26,550.5,1.98,531.2,2.65,0.0,0.0,0.0,0.0,0.0,0.0,0.0,0.0
2026-06-30T13:55:01.721176+00:00,5.7,-16.32,22.02,0.0,100.0,74.0,237.0,19.7,8.1,0.0,85.03,4999.84,46526.91,53367.84,0.0,0.0,0.0,0.0,1.63,3.29,0.0,25.35,21.35,34.63,0.0,0.0,0.0,0.0,0.0,0.0,0.0,0.0,493.0,1.57,520.7,1.05,485.5,1.75,0.0,0.0,537.2,1.58,521.0,1.9,543.9,1.75,530.5,2.25,0.0,0.0,0.0,0.0,0.0,0.0,0.0,0.0
2026-06-30T14:05:02.091951+00:00,3.8,-15.89,19.69,0.0,100.0,84.0,166.0,19.6,7.8,0.0,85.96,5000.77,46527.84,53368.77,0.0,0.0,0.0,0.0,1.14,2.02,0.0,25.35,21.35,34.63,0.0,0.0,0.0,0.0,0.0,0.0,0.0,0.0,448.2,1.2,514.6,0.81,483.3,1.2,0.0,0.0,516.9,1.1,521.0,1.44,545.9,1.27,528.9,1.74,0.0,0.0,0.0,0.0,0.0,0.0,0.0,0.0
2026-06-30T14:10:01.566357+00:00,3.1,-20.34,23.44,0.0,100.0,84.0,166.0,19.6,7.8,0.0,86.3,5001.11,46528.18,53369.11,0.0,0.0,0.0,0.0,0.0,1.75,0.0,25.35,21.35,34.63,0.0,0.0,0.0,0.0,0.0,0.0,0.0,0.0,0.0,0.0,0.0,0.0,0.0,0.0,0.0,0.0,478.7,0.99,517.4,1.16,524.1,1.09,528.9,1.53,0.0,0.0,0.0,0.0,0.0,0.0,0.0,0.0
2026-06-30T14:15:01.590580+00:00,2.7,-26.77,29.47,0.0,100.0,81.0,166.0,19.4,7.6,0.0,86.59,5001.4,46528.47,53369.4,0.0,0.0,0.0,0.0,0.71,1.75,0.0,25.35,21.35,34.63,0.0,0.0,0.0,0.0,0.0,0.0,0.0,0.0,397.6,0.9,510.6,0.63,453.6,1.01,0.0,0.0,430.4,1.06,510.9,1.0,482.7,1.11,529.4,1.27,0.0,0.0,0.0,0.0,0.0,0.0,0.0,0.0
2026-06-30T14:20:01.998907+00:00,2.2,-15.46,17.66,0.0,100.0,81.0,166.0,19.4,7.6,0.0,86.85,5001.66,46528.73,53369.66,0.0,0.0,0.0,0.0,0.55,1.24,0.0,25.35,21.35,34.63,0.0,0.0,0.0,0.0,0.0,0.0,0.0,0.0,430.9,0.72,511.9,0.56,431.3,0.9,0.0,0.0,423.1,1.0,512.5,0.93,439.2,1.18,529.2,1.08,0.0,0.0,0.0,0.0,0.0,0.0,0.0,0.0
2026-06-30T14:25:01.978388+00:00,1.8,-22.15,23.95,0.0,100.0,81.0,166.0,19.4,7.6,0.0,87.06,5001.87,46528.94,53369.87,0.0,0.0,0.0,0.0,0.55,1.24,0.0,25.35,21.35,34.63,0.0,0.0,0.0,0.0,0.0,0.0,0.0,0.0,511.1,0.61,503.4,0.49,422.2,0.67,0.0,0.0,419.0,0.87,512.0,0.84,435.5,1.05,523.1,1.01,0.0,0.0,0.0,0.0,0.0,0.0,0.0,0.0
2026-06-30T14:30:01.263724+00:00,1.4,-21.87,23.27,0.0,100.0,71.0,166.0,19.2,7.5,0.0,87.23,5002.04,46529.11,53370.04,0.0,0.0,0.0,0.0,0.36,0.74,0.0,25.35,21.35,34.63,0.0,0.0,0.0,0.0,0.0,0.0,0.0,0.0,512.7,0.52,500.5,0.43,351.5,0.61,0.0,0.0,425.1,0.6,518.9,0.61,433.9,0.82,522.9,0.92,0.0,0.0,0.0,0.0,0.0,0.0,0.0,0.0
2026-06-30T14:35:02.000848+00:00,1.2,-25.33,26.53,0.0,100.0,71.0,166.0,19.2,7.5,0.0,87.36,5002.17,46529.24,53370.17,0.0,0.0,0.0,0.0,0.36,0.74,0.0,25.35,21.35,34.63,0.0,0.0,0.0,0.0,0.0,0.0,0.0,0.0,520.3,0.4,506.9,0.38,383.3,0.56,0.0,0.0,428.8,0.45,509.1,0.47,428.7,0.61,517.3,0.71,0.0,0.0,0.0,0.0,0.0,0.0,0.0,0.0
2026-06-30T14:40:01.420336+00:00,0.8,-19.93,20.73,0.0,100.0,71.0,166.0,19.2,7.5,0.0,87.47,5002.28,46529.35,53370.28,0.0,0.0,0.0,0.0,0.2,0.43,0.0,25.35,21.35,34.63,0.0,0.0,0.0,0.0,0.0,0.0,0.0,0.0,506.4,0.31,493.5,0.37,476.4,0.48,0.0,0.0,481.4,0.38,494.1,0.43,419.8,0.56,507.7,0.53,0.0,0.0,0.0,0.0,0.0,0.0,0.0,0.0
2026-06-30T14:45:01.846983+00:00,0.3,-24.51,24.81,0.0,100.0,58.0,166.0,19.0,7.4,0.0,87.56,5002.37,46529.44,53370.37,0.0,0.0,0.0,0.0,0.12,0.29,0.0,25.35,21.35,34.63,0.0,0.0,0.0,0.0,0.0,0.0,0.0,0.0,493.9,0.28,494.1,0.37,494.2,0.43,0.0,0.0,486.2,0.37,480.6,0.43,422.6,0.52,505.7,0.5,0.0,0.0,0.0,0.0,0.0,0.0,0.0,0.0
2026-06-30T14:50:01.392219+00:00,0.0,-19.25,19.25,0.0,100.0,58.0,166.0,19.0,7.4,0.0,87.62,5002.43,46529.5,53370.43,0.0,0.0,0.0,0.0,0.05,0.16,0.0,25.35,21.35,34.63,0.0,0.0,0.0,0.0,0.0,0.0,0.0,0.0,489.5,0.28,496.8,0.37,486.5,0.33,0.0,0.0,467.1,0.36,474.0,0.29,479.7,0.28,480.8,0.33,0.0,0.0,0.0,0.0,0.0,0.0,0.0,0.0
2026-06-30T14:55:01.996899+00:00,0.0,-23.82,23.82,0.0,100.0,58.0,166.0,19.0,7.4,0.0,87.65,5002.46,46529.53,53370.46,0.0,0.0,0.0,0.0,0.05,0.16,0.0,25.35,21.35,34.63,0.0,0.0,0.0,0.0,0.0,0.0,0.0,0.0,477.9,0.3,492.8,0.32,482.9,0.22,0.0,0.0,467.1,0.36,474.0,0.29,479.7,0.28,480.8,0.33,0.0,0.0,0.0,0.0,0.0,0.0,0.0,0.0
2026-06-30T15:10:01.963955+00:00,0.0,20.86,19.24,-40.1,90.3,47.0,56.0,18.8,7.2,0.0,87.7,5002.51,46529.58,53370.51,0.0,0.0,0.0,0.0,0.0,0.0,0.0,25.35,21.35,34.63,0.0,0.0,0.0,0.0,0.0,0.0,0.0,0.0,465.8,0.0,461.0,0.03,457.0,0.14,0.0,0.0,452.5,0.02,436.9,0.06,430.1,0.13,447.1,0.12,0.0,0.0,0.0,0.0,0.0,0.0,0.0,0.0
2026-06-30T15:15:01.276001+00:00,0.0,15.77,24.33,-40.1,85.5,37.0,56.0,18.6,6.9,0.0,87.72,5002.53,46529.6,53370.53,0.0,0.0,0.0,0.0,0.0,0.0,0.0,25.35,21.35,34.63,0.0,0.0,0.0,0.0,0.0,0.0,0.0,0.0,428.8,-0.04,443.3,0.04,445.4,0.14,0.0,0.0,426.0,0.01,438.6,0.1,435.3,0.14,425.8,0.17,0.0,0.0,0.0,0.0,0.0,0.0,0.0,0.0
2026-06-30T15:20:01.253298+00:00,0.0,9.77,30.33,-40.1,80.7,37.0,56.0,18.6,6.9,0.0,87.73,5002.54,46529.61,53370.54,0.0,0.0,0.0,0.0,0.0,0.0,0.0,25.35,21.35,34.63,0.0,0.0,0.0,0.0,0.0,0.0,0.0,0.0,425.5,-0.04,419.5,0.08,429.8,0.11,0.0,0.0,416.0,0.06,431.5,0.11,408.0,0.13,399.0,0.18,0.0,0.0,0.0,0.0,0.0,0.0,0.0,0.0
2026-06-30T15:30:01.650281+00:00,0.0,15.06,24.94,-40.0,71.1,26.0,56.0,18.3,6.8,0.0,87.74,5002.55,46529.62,53370.55,0.0,0.0,0.0,0.0,0.0,0.0,0.0,25.35,21.35,34.63,0.0,0.0,0.0,0.0,0.0,0.0,0.0,0.0,381.8,-0.01,374.6,0.04,393.9,0.02,0.0,0.0,392.6,0.03,384.3,0.01,342.8,0.04,342.6,0.06,0.0,0.0,0.0,0.0,0.0,0.0,0.0,0.0
2026-06-30T15:35:01.925609+00:00,0.0,10.37,29.63,-40.0,66.4,26.0,56.0,18.3,6.8,0.0,87.75,5002.56,46529.63,53370.56,0.0,0.0,0.0,0.0,0.0,0.0,0.0,25.35,21.35,34.63,0.0,0.0,0.0,0.0,0.0,0.0,0.0,0.0,318.4,0.0,309.8,0.02,312.6,0.01,0.0,0.0,318.2,0.03,315.5,0.0,319.0,0.01,323.9,0.02,0.0,0.0,0.0,0.0,0.0,0.0,0.0,0.0
2026-06-30T15:40:01.490324+00:00,0.0,14.73,25.27,-40.0,61.6,26.0,56.0,18.3,6.8,0.0,87.75,5002.56,46529.63,53370.56,0.0,0.0,0.0,0.0,0.0,0.0,0.0,25.35,21.35,34.63,0.0,0.0,0.0,0.0,0.0,0.0,0.0,0.0,220.7,0.0,211.3,0.02,214.1,0.01,0.0,0.0,0.0,0.0,0.0,0.0,0.0,0.0,0.0,0.0,0.0,0.0,0.0,0.0,0.0,0.0,0.0,0.0
2026-06-30T15:45:01.922709+00:00,0.0,19.49,20.21,-39.7,56.8,17.0,56.0,18.1,6.8,0.0,87.75,5002.56,46529.63,53370.56,0.0,0.0,0.0,0.0,0.0,0.0,0.0,25.35,21.35,34.63,0.0,0.0,0.0,0.0,0.0,0.0,0.0,0.0,0.0,0.0,0.0,0.0,0.0,0.0,0.0,0.0,0.0,0.0,0.0,0.0,0.0,0.0,0.0,0.0,0.0,0.0,0.0,0.0,0.0,0.0,0.0,0.0
2026-06-30T15:50:01.961546+00:00,0.0,10.97,27.93,-38.9,52.1,17.0,56.0,18.1,6.8,0.0,87.75,5002.56,46529.63,53370.56,0.0,0.0,0.0,0.0,0.0,0.0,0.0,25.35,21.35,34.63,0.0,0.0,0.0,0.0,0.0,0.0,0.0,0.0,0.0,0.0,0.0,0.0,0.0,0.0,0.0,0.0,0.0,0.0,0.0,0.0,0.0,0.0,0.0,0.0,0.0,0.0,0.0,0.0,0.0,0.0,0.0,0.0
2026-06-30T16:05:02.059886+00:00,0.0,12.18,25.72,-37.9,38.3,12.0,0.0,17.9,6.8,0.0,87.75,5002.56,46529.63,53370.56,0.0,0.0,0.0,0.0,0.0,0.0,0.0,25.35,21.35,34.63,0.0,0.0,0.0,0.0,0.0,0.0,0.0,0.0,0.0,0.0,0.0,0.0,0.0,0.0,0.0,0.0,0.0,0.0,0.0,0.0,0.0,0.0,0.0,0.0,0.0,0.0,0.0,0.0,0.0,0.0,0.0,0.0
2026-06-30T16:10:01.471968+00:00,0.0,14.47,23.03,-37.5,33.8,12.0,0.0,17.9,6.8,0.0,87.75,5002.56,46529.63,53370.56,0.0,0.0,0.0,0.0,0.0,0.0,0.0,25.35,21.35,34.63,0.0,0.0,0.0,0.0,0.0,0.0,0.0,0.0,0.0,0.0,0.0,0.0,0.0,0.0,0.0,0.0,0.0,0.0,0.0,0.0,0.0,0.0,0.0,0.0,0.0,0.0,0.0,0.0,0.0,0.0,0.0,0.0
2026-06-30T16:15:01.942535+00:00,0.0,7.42,30.08,-37.5,29.3,12.0,0.0,17.8,6.9,0.0,87.75,5002.56,46529.63,53370.56,0.0,0.0,0.0,0.0,0.0,0.0,0.0,25.35,21.35,34.63,0.0,0.0,0.0,0.0,0.0,0.0,0.0,0.0,0.0,0.0,0.0,0.0,0.0,0.0,0.0,0.0,0.0,0.0,0.0,0.0,0.0,0.0,0.0,0.0,0.0,0.0,0.0,0.0,0.0,0.0,0.0,0.0
2026-06-30T16:25:01.161828+00:00,0.0,10.72,24.98,-35.7,20.4,12.0,0.0,17.8,6.9,0.0,87.75,5002.56,46529.63,53370.56,0.0,0.0,0.0,0.0,0.0,0.0,0.0,25.35,21.35,34.63,0.0,0.0,0.0,0.0,0.0,0.0,0.0,0.0,0.0,0.0,0.0,0.0,0.0,0.0,0.0,0.0,0.0,0.0,0.0,0.0,0.0,0.0,0.0,0.0,0.0,0.0,0.0,0.0,0.0,0.0,0.0,0.0
2026-06-30T16:30:01.779561+00:00,0.0,-19.54,19.54,0.0,20.0,17.0,0.0,17.6,7.3,0.0,87.75,5002.56,46529.63,53370.56,0.0,0.0,0.0,0.0,0.0,0.0,0.0,25.35,21.35,34.63,0.0,0.0,0.0,0.0,0.0,0.0,0.0,0.0,0.0,0.0,0.0,0.0,0.0,0.0,0.0,0.0,0.0,0.0,0.0,0.0,0.0,0.0,0.0,0.0,0.0,0.0,0.0,0.0,0.0,0.0,0.0,0.0
2026-06-30T16:35:01.572654+00:00,0.0,-20.39,20.39,0.0,20.0,17.0,0.0,17.6,7.3,0.0,87.75,5002.56,46529.63,53370.56,0.0,0.0,0.0,0.0,0.0,0.0,0.0,25.35,21.35,34.63,0.0,0.0,0.0,0.0,0.0,0.0,0.0,0.0,0.0,0.0,0.0,0.0,0.0,0.0,0.0,0.0,0.0,0.0,0.0,0.0,0.0,0.0,0.0,0.0,0.0,0.0,0.0,0.0,0.0,0.0,0.0,0.0
2026-06-30T16:40:01.351976+00:00,0.0,-21.71,21.71,0.0,20.0,17.0,0.0,17.6,7.3,0.0,87.75,5002.56,46529.63,53370.56,0.0,0.0,0.0,0.0,0.0,0.0,0.0,25.35,21.35,34.63,0.0,0.0,0.0,0.0,0.0,0.0,0.0,0.0,0.0,0.0,0.0,0.0,0.0,0.0,0.0,0.0,0.0,0.0,0.0,0.0,0.0,0.0,0.0,0.0,0.0,0.0,0.0,0.0,0.0,0.0,0.0,0.0
2026-06-30T16:45:01.558671+00:00,0.0,-20.12,20.12,0.0,20.0,23.0,0.0,17.5,7.5,0.0,87.75,5002.56,46529.63,53370.56,0.0,0.0,0.0,0.0,0.0,0.0,0.0,25.35,21.35,34.63,0.0,0.0,0.0,0.0,0.0,0.0,0.0,0.0,0.0,0.0,0.0,0.0,0.0,0.0,0.0,0.0,0.0,0.0,0.0,0.0,0.0,0.0,0.0,0.0,0.0,0.0,0.0,0.0,0.0,0.0,0.0,0.0
2026-06-30T16:55:01.999423+00:00,0.0,-19.51,19.51,0.0,20.0,23.0,0.0,17.5,7.5,0.0,87.75,5002.56,46529.63,53370.56,0.0,0.0,0.0,0.0,0.0,0.0,0.0,25.35,21.35,34.63,0.0,0.0,0.0,0.0,0.0,0.0,0.0,0.0,0.0,0.0,0.0,0.0,0.0,0.0,0.0,0.0,0.0,0.0,0.0,0.0,0.0,0.0,0.0,0.0,0.0,0.0,0.0,0.0,0.0,0.0,0.0,0.0
2026-06-30T17:00:01.584499+00:00,0.0,-22.97,22.97,0.0,20.0,26.0,0.0,17.4,7.7,0.0,87.75,5002.56,46529.63,53370.56,0.0,0.0,0.0,0.0,0.0,0.0,0.0,25.35,21.35,34.63,0.0,0.0,0.0,0.0,0.0,0.0,0.0,0.0,0.0,0.0,0.0,0.0,0.0,0.0,0.0,0.0,0.0,0.0,0.0,0.0,0.0,0.0,0.0,0.0,0.0,0.0,0.0,0.0,0.0,0.0,0.0,0.0
2026-06-30T17:05:01.538007+00:00,0.0,-19.55,19.55,0.0,20.0,26.0,0.0,17.4,7.7,0.0,87.75,5002.56,46529.63,53370.56,0.0,0.0,0.0,0.0,0.0,0.0,0.0,25.35,21.35,34.63,0.0,0.0,0.0,0.0,0.0,0.0,0.0,0.0,0.0,0.0,0.0,0.0,0.0,0.0,0.0,0.0,0.0,0.0,0.0,0.0,0.0,0.0,0.0,0.0,0.0,0.0,0.0,0.0,0.0,0.0,0.0,0.0
2026-06-30T17:10:01.584760+00:00,0.0,-19.84,19.84,0.0,20.0,26.0,0.0,17.4,7.7,0.0,87.75,5002.56,46529.63,53370.56,0.0,0.0,0.0,0.0,0.0,0.0,0.0,25.35,21.35,34.63,0.0,0.0,0.0,0.0,0.0,0.0,0.0,0.0,0.0,0.0,0.0,0.0,0.0,0.0,0.0,0.0,0.0,0.0,0.0,0.0,0.0,0.0,0.0,0.0,0.0,0.0,0.0,0.0,0.0,0.0,0.0,0.0
2026-06-30T17:15:01.205167+00:00,0.0,-24.31,24.31,0.0,20.0,27.0,0.0,17.3,7.6,0.0,87.75,5002.56,46529.63,53370.56,0.0,0.0,0.0,0.0,0.0,0.0,0.0,25.35,21.35,34.63,0.0,0.0,0.0,0.0,0.0,0.0,0.0,0.0,0.0,0.0,0.0,0.0,0.0,0.0,0.0,0.0,0.0,0.0,0.0,0.0,0.0,0.0,0.0,0.0,0.0,0.0,0.0,0.0,0.0,0.0,0.0,0.0
2026-06-30T17:20:01.777293+00:00,0.0,-23.79,23.79,0.0,20.0,27.0,0.0,17.3,7.6,0.0,87.75,5002.56,46529.63,53370.56,0.0,0.0,0.0,0.0,0.0,0.0,0.0,25.35,21.35,34.63,0.0,0.0,0.0,0.0,0.0,0.0,0.0,0.0,0.0,0.0,0.0,0.0,0.0,0.0,0.0,0.0,0.0,0.0,0.0,0.0,0.0,0.0,0.0,0.0,0.0,0.0,0.0,0.0,0.0,0.0,0.0,0.0
2026-06-30T17:25:01.216075+00:00,0.0,-20.0,20.0,0.0,20.0,27.0,0.0,17.3,7.6,0.0,87.75,5002.56,46529.63,53370.56,0.0,0.0,0.0,0.0,0.0,0.0,0.0,25.35,21.35,34.63,0.0,0.0,0.0,0.0,0.0,0.0,0.0,0.0,0.0,0.0,0.0,0.0,0.0,0.0,0.0,0.0,0.0,0.0,0.0,0.0,0.0,0.0,0.0,0.0,0.0,0.0,0.0,0.0,0.0,0.0,0.0,0.0
2026-06-30T17:30:02.088257+00:00,0.0,-21.14,21.14,0.0,20.0,26.0,0.0,17.2,7.4,0.0,87.75,5002.56,46529.63,53370.56,0.0,0.0,0.0,0.0,0.0,0.0,0.0,25.35,21.35,34.63,0.0,0.0,0.0,0.0,0.0,0.0,0.0,0.0,0.0,0.0,0.0,0.0,0.0,0.0,0.0,0.0,0.0,0.0,0.0,0.0,0.0,0.0,0.0,0.0,0.0,0.0,0.0,0.0,0.0,0.0,0.0,0.0
2026-06-30T17:35:01.195508+00:00,0.0,-18.49,18.49,0.0,20.0,26.0,0.0,17.2,7.4,0.0,87.75,5002.56,46529.63,53370.56,0.0,0.0,0.0,0.0,0.0,0.0,0.0,25.35,21.35,34.63,0.0,0.0,0.0,0.0,0.0,0.0,0.0,0.0,0.0,0.0,0.0,0.0,0.0,0.0,0.0,0.0,0.0,0.0,0.0,0.0,0.0,0.0,0.0,0.0,0.0,0.0,0.0,0.0,0.0,0.0,0.0,0.0
2026-06-30T17:45:01.573796+00:00,0.0,-21.05,21.05,0.0,20.0,25.0,0.0,17.2,7.2,0.0,87.75,5002.56,46529.63,53370.56,0.0,0.0,0.0,0.0,0.0,0.0,0.0,25.35,21.35,34.63,0.0,0.0,0.0,0.0,0.0,0.0,0.0,0.0,0.0,0.0,0.0,0.0,0.0,0.0,0.0,0.0,0.0,0.0,0.0,0.0,0.0,0.0,0.0,0.0,0.0,0.0,0.0,0.0,0.0,0.0,0.0,0.0
2026-06-30T17:50:01.766499+00:00,0.0,-23.62,23.62,0.0,20.0,25.0,0.0,17.2,7.2,0.0,87.75,5002.56,46529.63,53370.56,0.0,0.0,0.0,0.0,0.0,0.0,39.58,25.35,21.35,34.63,0.0,0.0,0.0,0.0,0.0,0.0,0.0,0.0,0.0,0.0,0.0,0.0,0.0,0.0,0.0,0.0,0.0,0.0,0.0,0.0,0.0,0.0,0.0,0.0,236.93,0.44,238.75,0.47,235.52,0.45,-1.0,50.1
2026-06-30T17:55:01.938002+00:00,0.0,-19.2,19.2,0.0,20.0,25.0,0.0,17.2,7.2,0.0,87.75,5002.56,46529.63,53370.56,0.0,0.0,0.0,0.0,0.0,0.0,39.58,25.35,21.35,34.63,0.0,0.0,0.0,0.0,0.0,0.0,0.0,0.0,0.0,0.0,0.0,0.0,0.0,0.0,0.0,0.0,0.0,0.0,0.0,0.0,0.0,0.0,0.0,0.0,234.46,0.44,236.39,0.48,233.06,0.45,-0.968,50.12
2026-06-30T18:05:01.171861+00:00,0.0,-20.89,20.89,0.0,20.0,23.0,0.0,17.1,7.2,0.0,87.75,5002.56,46529.63,53370.56,0.0,0.0,0.0,0.0,0.0,0.0,39.58,25.35,21.35,34.63,0.0,0.0,0.0,0.0,0.0,0.0,0.0,0.0,0.0,0.0,0.0,0.0,0.0,0.0,0.0,0.0,0.0,0.0,0.0,0.0,0.0,0.0,0.0,0.0,234.23,0.46,236.65,0.47,233.64,0.47,-0.999,49.93
2026-06-30T18:10:01.443771+00:00,0.0,-20.68,20.68,0.0,20.0,23.0,0.0,17.1,7.2,0.0,87.75,5002.56,46529.63,53370.56,0.0,0.0,0.0,0.0,0.0,0.0,0.0,25.35,21.35,34.63,0.0,0.0,0.0,0.0,0.0,0.0,0.0,0.0,0.0,0.0,0.0,0.0,0.0,0.0,0.0,0.0,0.0,0.0,0.0,0.0,0.0,0.0,0.0,0.0,0.0,0.0,0.0,0.0,0.0,0.0,0.0,0.0
2026-06-30T18:15:01.421648+00:00,0.0,-19.14,19.14,0.0,19.9,19.0,0.0,17.0,7.1,0.0,87.75,5002.56,46529.63,53370.56,0.0,0.0,0.0,0.0,0.0,0.0,0.0,25.35,21.35,34.63,0.0,0.0,0.0,0.0,0.0,0.0,0.0,0.0,0.0,0.0,0.0,0.0,0.0,0.0,0.0,0.0,0.0,0.0,0.0,0.0,0.0,0.0,0.0,0.0,0.0,0.0,0.0,0.0,0.0,0.0,0.0,0.0
2026-06-30T18:20:01.578304+00:00,0.0,-22.86,22.86,0.0,19.9,19.0,0.0,17.0,7.1,0.0,87.75,5002.56,46529.63,53370.56,0.0,0.0,0.0,0.0,0.0,0.0,0.0,25.35,21.35,34.63,0.0,0.0,0.0,0.0,0.0,0.0,0.0,0.0,0.0,0.0,0.0,0.0,0.0,0.0,0.0,0.0,0.0,0.0,0.0,0.0,0.0,0.0,0.0,0.0,0.0,0.0,0.0,0.0,0.0,0.0,0.0,0.0
2026-06-30T18:25:01.560542+00:00,0.0,-19.24,19.24,0.0,19.9,19.0,0.0,17.0,7.1,0.0,87.75,5002.56,46529.63,53370.56,0.0,0.0,0.0,0.0,0.0,0.0,0.0,25.35,21.35,34.63,0.0,0.0,0.0,0.0,0.0,0.0,0.0,0.0,0.0,0.0,0.0,0.0,0.0,0.0,0.0,0.0,0.0,0.0,0.0,0.0,0.0,0.0,0.0,0.0,0.0,0.0,0.0,0.0,0.0,0.0,0.0,0.0
2026-06-30T18:30:01.238607+00:00,0.0,-20.83,20.83,0.0,19.9,15.0,0.0,16.9,7.1,0.0,87.75,5002.56,46529.63,53370.56,0.0,0.0,0.0,0.0,0.0,0.0,0.0,25.35,21.35,34.63,0.0,0.0,0.0,0.0,0.0,0.0,0.0,0.0,0.0,0.0,0.0,0.0,0.0,0.0,0.0,0.0,0.0,0.0,0.0,0.0,0.0,0.0,0.0,0.0,0.0,0.0,0.0,0.0,0.0,0.0,0.0,0.0
2026-06-30T18:35:01.984799+00:00,0.0,-18.95,18.95,0.0,19.9,15.0,0.0,16.9,7.1,0.0,87.75,5002.56,46529.63,53370.56,0.0,0.0,0.0,0.0,0.0,0.0,0.0,25.35,21.35,34.63,0.0,0.0,0.0,0.0,0.0,0.0,0.0,0.0,0.0,0.0,0.0,0.0,0.0,0.0,0.0,0.0,0.0,0.0,0.0,0.0,0.0,0.0,0.0,0.0,0.0,0.0,0.0,0.0,0.0,0.0,0.0,0.0
2026-06-30T18:40:02.015214+00:00,0.0,-20.72,20.72,0.0,19.9,15.0,0.0,16.9,7.1,0.0,87.75,5002.56,46529.63,53370.56,0.0,0.0,0.0,0.0,0.0,0.0,0.0,25.35,21.35,34.63,0.0,0.0,0.0,0.0,0.0,0.0,0.0,0.0,0.0,0.0,0.0,0.0,0.0,0.0,0.0,0.0,0.0,0.0,0.0,0.0,0.0,0.0,0.0,0.0,0.0,0.0,0.0,0.0,0.0,0.0,0.0,0.0
2026-06-30T18:50:01.533686+00:00,0.0,-29.43,29.43,0.0,19.9,10.0,0.0,16.8,6.9,0.0,87.75,5002.56,46529.63,53370.56,0.0,0.0,0.0,0.0,0.0,0.0,0.0,25.35,21.35,34.63,0.0,0.0,0.0,0.0,0.0,0.0,0.0,0.0,0.0,0.0,0.0,0.0,0.0,0.0,0.0,0.0,0.0,0.0,0.0,0.0,0.0,0.0,0.0,0.0,0.0,0.0,0.0,0.0,0.0,0.0,0.0,0.0
2026-06-30T18:55:01.509543+00:00,0.0,-26.48,26.48,0.0,19.9,10.0,0.0,16.8,6.9,0.0,87.75,5002.56,46529.63,53370.56,0.0,0.0,0.0,0.0,0.0,0.0,0.0,25.35,21.35,34.63,0.0,0.0,0.0,0.0,0.0,0.0,0.0,0.0,0.0,0.0,0.0,0.0,0.0,0.0,0.0,0.0,0.0,0.0,0.0,0.0,0.0,0.0,0.0,0.0,0.0,0.0,0.0,0.0,0.0,0.0,0.0,0.0
2026-06-30T19:05:01.159929+00:00,0.0,-20.73,20.73,0.0,19.9,7.0,0.0,16.7,6.7,0.0,87.75,5002.56,46529.63,53370.56,0.0,0.0,0.0,0.0,0.0,0.0,0.0,25.35,21.35,34.63,0.0,0.0,0.0,0.0,0.0,0.0,0.0,0.0,0.0,0.0,0.0,0.0,0.0,0.0,0.0,0.0,0.0,0.0,0.0,0.0,0.0,0.0,0.0,0.0,0.0,0.0,0.0,0.0,0.0,0.0,0.0,0.0
2026-06-30T19:10:01.409433+00:00,0.0,-25.94,25.94,0.0,19.9,7.0,0.0,16.7,6.7,0.0,87.75,5002.56,46529.63,53370.56,0.0,0.0,0.0,0.0,0.0,0.0,0.0,25.35,21.35,34.63,0.0,0.0,0.0,0.0,0.0,0.0,0.0,0.0,0.0,0.0,0.0,0.0,0.0,0.0,0.0,0.0,0.0,0.0,0.0,0.0,0.0,0.0,0.0,0.0,0.0,0.0,0.0,0.0,0.0,0.0,0.0,0.0
2026-06-30T19:20:01.339345+00:00,0.0,-21.23,21.23,0.0,19.9,6.0,0.0,16.6,6.5,0.0,87.75,5002.56,46529.63,53370.56,0.0,0.0,0.0,0.0,0.0,0.0,0.0,25.35,21.35,34.63,0.0,0.0,0.0,0.0,0.0,0.0,0.0,0.0,0.0,0.0,0.0,0.0,0.0,0.0,0.0,0.0,0.0,0.0,0.0,0.0,0.0,0.0,0.0,0.0,0.0,0.0,0.0,0.0,0.0,0.0,0.0,0.0
2026-06-30T19:25:01.786785+00:00,0.0,-25.75,25.75,0.0,19.9,6.0,0.0,16.6,6.5,0.0,87.75,5002.56,46529.63,53370.56,0.0,0.0,0.0,0.0,0.0,0.0,39.59,25.35,21.35,34.63,0.0,0.0,0.0,0.0,0.0,0.0,0.0,0.0,0.0,0.0,0.0,0.0,0.0,0.0,0.0,0.0,0.0,0.0,0.0,0.0,0.0,0.0,0.0,0.0,238.81,0.46,241.71,0.48,238.45,0.48,-0.995,49.88
2026-06-30T19:30:01.762307+00:00,0.0,-26.38,26.38,0.0,19.9,7.0,0.0,16.5,6.5,0.0,87.75,5002.56,46529.63,53370.56,0.0,0.0,0.0,0.0,0.0,0.0,0.0,25.35,21.35,34.63,0.0,0.0,0.0,0.0,0.0,0.0,0.0,0.0,0.0,0.0,0.0,0.0,0.0,0.0,0.0,0.0,0.0,0.0,0.0,0.0,0.0,0.0,0.0,0.0,0.0,0.0,0.0,0.0,0.0,0.0,0.0,0.0
2026-06-30T19:35:01.189550+00:00,0.0,-30.09,30.09,0.0,19.9,7.0,0.0,16.5,6.5,0.0,87.75,5002.56,46529.63,53370.56,0.0,0.0,0.0,0.0,0.0,0.0,0.0,25.35,21.35,34.63,0.0,0.0,0.0,0.0,0.0,0.0,0.0,0.0,0.0,0.0,0.0,0.0,0.0,0.0,0.0,0.0,0.0,0.0,0.0,0.0,0.0,0.0,0.0,0.0,0.0,0.0,0.0,0.0,0.0,0.0,0.0,0.0
2026-06-30T19:40:01.910555+00:00,0.0,-20.81,20.81,0.0,19.9,7.0,0.0,16.5,6.5,0.0,87.75,5002.56,46529.63,53370.56,0.0,0.0,0.0,0.0,0.0,0.0,39.59,25.35,21.35,34.63,0.0,0.0,0.0,0.0,0.0,0.0,0.0,0.0,0.0,0.0,0.0,0.0,0.0,0.0,0.0,0.0,0.0,0.0,0.0,0.0,0.0,0.0,0.0,0.0,239.41,0.46,242.13,0.48,239.12,0.48,-0.998,50.13
2026-06-30T19:45:01.487607+00:00,0.0,-20.71,20.71,0.0,20.0,8.0,0.0,16.5,6.5,0.0,87.75,5002.56,46529.63,53370.56,0.0,0.0,0.0,0.0,0.0,0.0,0.0,25.35,21.35,34.63,0.0,0.0,0.0,0.0,0.0,0.0,0.0,0.0,0.0,0.0,0.0,0.0,0.0,0.0,0.0,0.0,0.0,0.0,0.0,0.0,0.0,0.0,0.0,0.0,0.0,0.0,0.0,0.0,0.0,0.0,0.0,0.0
2026-06-30T19:50:01.863826+00:00,0.0,-20.47,20.47,0.0,20.0,8.0,0.0,16.5,6.5,0.0,87.75,5002.56,46529.63,53370.56,0.0,0.0,0.0,0.0,0.0,0.0,0.0,25.35,21.35,34.63,0.0,0.0,0.0,0.0,0.0,0.0,0.0,0.0,0.0,0.0,0.0,0.0,0.0,0.0,0.0,0.0,0.0,0.0,0.0,0.0,0.0,0.0,0.0,0.0,0.0,0.0,0.0,0.0,0.0,0.0,0.0,0.0
2026-06-30T19:55:02.128253+00:00,0.0,-26.93,26.93,0.0,20.0,8.0,0.0,16.5,6.5,0.0,87.75,5002.56,46529.63,53370.56,0.0,0.0,0.0,0.0,0.0,0.0,0.0,25.35,21.35,34.63,0.0,0.0,0.0,0.0,0.0,0.0,0.0,0.0,0.0,0.0,0.0,0.0,0.0,0.0,0.0,0.0,0.0,0.0,0.0,0.0,0.0,0.0,0.0,0.0,0.0,0.0,0.0,0.0,0.0,0.0,0.0,0.0
2026-06-30T20:00:02.056050+00:00,0.0,-29.1,29.1,0.0,20.0,7.0,0.0,16.4,6.7,0.0,87.75,5002.56,46529.63,53370.56,0.0,0.0,0.0,0.0,0.0,0.0,0.0,25.35,21.35,34.63,0.0,0.0,0.0,0.0,0.0,0.0,0.0,0.0,0.0,0.0,0.0,0.0,0.0,0.0,0.0,0.0,0.0,0.0,0.0,0.0,0.0,0.0,0.0,0.0,0.0,0.0,0.0,0.0,0.0,0.0,0.0,0.0
2026-06-30T20:05:01.449488+00:00,0.0,-20.23,20.23,0.0,20.0,7.0,0.0,16.4,6.7,0.0,87.75,5002.56,46529.63,53370.56,0.0,0.0,0.0,0.0,0.0,0.0,0.0,25.35,21.35,34.63,0.0,0.0,0.0,0.0,0.0,0.0,0.0,0.0,0.0,0.0,0.0,0.0,0.0,0.0,0.0,0.0,0.0,0.0,0.0,0.0,0.0,0.0,0.0,0.0,0.0,0.0,0.0,0.0,0.0,0.0,0.0,0.0
2026-06-30T20:10:01.810237+00:00,0.0,-20.13,20.13,0.0,20.0,7.0,0.0,16.4,6.7,0.0,87.75,5002.56,46529.63,53370.56,0.0,0.0,0.0,0.0,0.0,0.0,0.0,25.35,21.35,34.63,0.0,0.0,0.0,0.0,0.0,0.0,0.0,0.0,0.0,0.0,0.0,0.0,0.0,0.0,0.0,0.0,0.0,0.0,0.0,0.0,0.0,0.0,0.0,0.0,0.0,0.0,0.0,0.0,0.0,0.0,0.0,0.0
2026-06-30T20:15:01.789744+00:00,0.0,-24.6,24.6,0.0,20.0,6.0,0.0,16.4,7.0,0.0,87.75,5002.56,46529.63,53370.56,0.0,0.0,0.0,0.0,0.0,0.0,0.0,25.35,21.35,34.63,0.0,0.0,0.0,0.0,0.0,0.0,0.0,0.0,0.0,0.0,0.0,0.0,0.0,0.0,0.0,0.0,0.0,0.0,0.0,0.0,0.0,0.0,0.0,0.0,0.0,0.0,0.0,0.0,0.0,0.0,0.0,0.0
2026-06-30T20:20:01.227894+00:00,0.0,-23.11,23.11,0.0,20.0,6.0,0.0,16.4,7.0,0.0,87.75,5002.56,46529.63,53370.56,0.0,0.0,0.0,0.0,0.0,0.0,0.0,25.35,21.35,34.63,0.0,0.0,0.0,0.0,0.0,0.0,0.0,0.0,0.0,0.0,0.0,0.0,0.0,0.0,0.0,0.0,0.0,0.0,0.0,0.0,0.0,0.0,0.0,0.0,0.0,0.0,0.0,0.0,0.0,0.0,0.0,0.0
2026-06-30T20:25:01.799801+00:00,0.0,-20.72,20.72,0.0,20.0,6.0,0.0,16.4,7.0,0.0,87.75,5002.56,46529.63,53370.56,0.0,0.0,0.0,0.0,0.0,0.0,39.59,25.35,21.35,34.63,0.0,0.0,0.0,0.0,0.0,0.0,0.0,0.0,0.0,0.0,0.0,0.0,0.0,0.0,0.0,0.0,0.0,0.0,0.0,0.0,0.0,0.0,0.0,0.0,238.94,0.46,240.69,0.49,237.47,0.47,-0.994,50.13
2026-06-30T20:30:01.664482+00:00,0.0,-19.11,19.11,0.0,20.0,5.0,0.0,16.3,7.8,0.0,87.75,5002.56,46529.63,53370.56,0.0,0.0,0.0,0.0,0.0,0.0,39.59,25.35,21.35,34.63,0.0,0.0,0.0,0.0,0.0,0.0,0.0,0.0,0.0,0.0,0.0,0.0,0.0,0.0,0.0,0.0,0.0,0.0,0.0,0.0,0.0,0.0,0.0,0.0,237.44,0.46,240.05,0.48,236.78,0.47,-0.999,49.99
2026-06-30T20:35:01.328163+00:00,0.0,-17.91,17.91,0.0,20.0,5.0,0.0,16.3,7.8,0.0,87.75,5002.56,46529.63,53370.56,0.0,0.0,0.0,0.0,0.0,0.0,0.0,25.35,21.35,34.63,0.0,0.0,0.0,0.0,0.0,0.0,0.0,0.0,0.0,0.0,0.0,0.0,0.0,0.0,0.0,0.0,0.0,0.0,0.0,0.0,0.0,0.0,0.0,0.0,0.0,0.0,0.0,0.0,0.0,0.0,0.0,0.0
2026-06-30T20:40:02.061050+00:00,0.0,-18.72,18.72,0.0,20.0,5.0,0.0,16.3,7.8,0.0,87.75,5002.56,46529.63,53370.56,0.0,0.0,0.0,0.0,0.0,0.0,0.0,25.35,21.35,34.63,0.0,0.0,0.0,0.0,0.0,0.0,0.0,0.0,0.0,0.0,0.0,0.0,0.0,0.0,0.0,0.0,0.0,0.0,0.0,0.0,0.0,0.0,0.0,0.0,0.0,0.0,0.0,0.0,0.0,0.0,0.0,0.0
2026-06-30T20:45:01.596316+00:00,0.0,-19.38,19.38,0.0,20.0,5.0,0.0,16.3,8.1,0.0,87.75,5002.56,46529.63,53370.56,0.0,0.0,0.0,0.0,0.0,0.0,0.0,25.35,21.35,34.63,0.0,0.0,0.0,0.0,0.0,0.0,0.0,0.0,0.0,0.0,0.0,0.0,0.0,0.0,0.0,0.0,0.0,0.0,0.0,0.0,0.0,0.0,0.0,0.0,0.0,0.0,0.0,0.0,0.0,0.0,0.0,0.0
2026-06-30T20:50:01.760767+00:00,0.0,-19.5,19.5,0.0,20.0,5.0,0.0,16.3,8.1,0.0,87.75,5002.56,46529.63,53370.56,0.0,0.0,0.0,0.0,0.0,0.0,0.0,25.35,21.35,34.63,0.0,0.0,0.0,0.0,0.0,0.0,0.0,0.0,0.0,0.0,0.0,0.0,0.0,0.0,0.0,0.0,0.0,0.0,0.0,0.0,0.0,0.0,0.0,0.0,0.0,0.0,0.0,0.0,0.0,0.0,0.0,0.0
2026-06-30T20:55:01.527257+00:00,0.0,-20.71,20.71,0.0,20.0,5.0,0.0,16.3,7.1,0.0,87.75,5002.56,46529.63,53370.56,0.0,0.0,0.0,0.0,0.0,0.0,0.0,25.35,21.35,34.63,0.0,0.0,0.0,0.0,0.0,0.0,0.0,0.0,0.0,0.0,0.0,0.0,0.0,0.0,0.0,0.0,0.0,0.0,0.0,0.0,0.0,0.0,0.0,0.0,0.0,0.0,0.0,0.0,0.0,0.0,0.0,0.0
2026-06-30T21:00:02.043888+00:00,0.0,-18.44,18.44,0.0,20.0,4.0,0.0,16.3,7.1,0.0,87.75,5002.56,46529.63,53370.56,0.0,0.0,0.0,0.0,0.0,0.0,0.0,25.35,21.35,34.63,0.0,0.0,0.0,0.0,0.0,0.0,0.0,0.0,0.0,0.0,0.0,0.0,0.0,0.0,0.0,0.0,0.0,0.0,0.0,0.0,0.0,0.0,0.0,0.0,0.0,0.0,0.0,0.0,0.0,0.0,0.0,0.0
2026-06-30T21:05:01.686420+00:00,0.0,-18.17,18.17,0.0,20.0,4.0,0.0,16.3,7.1,0.0,87.75,5002.56,46529.63,53370.56,0.0,0.0,0.0,0.0,0.0,0.0,0.0,25.35,21.35,34.63,0.0,0.0,0.0,0.0,0.0,0.0,0.0,0.0,0.0,0.0,0.0,0.0,0.0,0.0,0.0,0.0,0.0,0.0,0.0,0.0,0.0,0.0,0.0,0.0,0.0,0.0,0.0,0.0,0.0,0.0,0.0,0.0
2026-06-30T21:10:01.550540+00:00,0.0,-22.06,22.06,0.0,20.0,4.0,0.0,16.3,7.1,0.0,87.75,5002.56,46529.63,53370.56,0.0,0.0,0.0,0.0,0.0,0.0,39.59,25.35,21.35,34.63,0.0,0.0,0.0,0.0,0.0,0.0,0.0,0.0,0.0,0.0,0.0,0.0,0.0,0.0,0.0,0.0,0.0,0.0,0.0,0.0,0.0,0.0,0.0,0.0,236.34,0.46,238.5,0.48,235.62,0.47,-0.998,49.95
2026-06-30T21:15:02.133941+00:00,0.0,-18.34,18.34,0.0,20.0,3.0,0.0,16.2,7.1,0.0,87.75,5002.56,46529.63,53370.56,0.0,0.0,0.0,0.0,0.0,0.0,0.0,25.35,21.35,34.63,0.0,0.0,0.0,0.0,0.0,0.0,0.0,0.0,0.0,0.0,0.0,0.0,0.0,0.0,0.0,0.0,0.0,0.0,0.0,0.0,0.0,0.0,0.0,0.0,0.0,0.0,0.0,0.0,0.0,0.0,0.0,0.0
2026-06-30T21:20:01.306384+00:00,0.0,-23.48,23.48,0.0,20.0,3.0,0.0,16.2,7.1,0.0,87.75,5002.56,46529.63,53370.56,0.0,0.0,0.0,0.0,0.0,0.0,39.59,25.35,21.35,34.63,0.0,0.0,0.0,0.0,0.0,0.0,0.0,0.0,0.0,0.0,0.0,0.0,0.0,0.0,0.0,0.0,0.0,0.0,0.0,0.0,0.0,0.0,0.0,0.0,236.63,0.47,238.85,0.49,236.13,0.48,-0.994,50.02
2026-06-30T21:25:01.628107+00:00,0.0,-19.15,19.15,0.0,20.0,3.0,0.0,16.2,7.1,0.0,87.75,5002.56,46529.63,53370.56,0.0,0.0,0.0,0.0,0.0,0.0,0.0,25.35,21.35,34.63,0.0,0.0,0.0,0.0,0.0,0.0,0.0,0.0,0.0,0.0,0.0,0.0,0.0,0.0,0.0,0.0,0.0,0.0,0.0,0.0,0.0,0.0,0.0,0.0,0.0,0.0,0.0,0.0,0.0,0.0,0.0,0.0
2026-06-30T21:30:02.119467+00:00,0.0,-19.19,19.19,0.0,20.0,2.0,0.0,16.2,7.2,0.0,87.75,5002.56,46529.63,53370.56,0.0,0.0,0.0,0.0,0.0,0.0,0.0,25.35,21.35,34.63,0.0,0.0,0.0,0.0,0.0,0.0,0.0,0.0,0.0,0.0,0.0,0.0,0.0,0.0,0.0,0.0,0.0,0.0,0.0,0.0,0.0,0.0,0.0,0.0,0.0,0.0,0.0,0.0,0.0,0.0,0.0,0.0
2026-06-30T21:35:01.974416+00:00,0.0,-17.16,17.16,0.0,20.0,2.0,0.0,16.2,7.2,0.0,87.75,5002.56,46529.63,53370.56,0.0,0.0,0.0,0.0,0.0,0.0,0.0,25.35,21.35,34.63,0.0,0.0,0.0,0.0,0.0,0.0,0.0,0.0,0.0,0.0,0.0,0.0,0.0,0.0,0.0,0.0,0.0,0.0,0.0,0.0,0.0,0.0,0.0,0.0,0.0,0.0,0.0,0.0,0.0,0.0,0.0,0.0
2026-06-30T21:40:01.807859+00:00,0.0,-17.07,17.07,0.0,20.0,2.0,0.0,16.2,7.2,0.0,87.75,5002.56,46529.63,53370.56,0.0,0.0,0.0,0.0,0.0,0.0,39.59,25.35,21.35,34.63,0.0,0.0,0.0,0.0,0.0,0.0,0.0,0.0,0.0,0.0,0.0,0.0,0.0,0.0,0.0,0.0,0.0,0.0,0.0,0.0,0.0,0.0,0.0,0.0,237.25,0.46,239.22,0.48,236.46,0.47,-0.965,50.03
2026-06-30T21:45:01.238520+00:00,0.0,-17.4,17.4,0.0,20.0,2.0,0.0,16.2,7.3,0.0,87.75,5002.56,46529.63,53370.56,0.0,0.0,0.0,0.0,0.0,0.0,0.0,25.35,21.35,34.63,0.0,0.0,0.0,0.0,0.0,0.0,0.0,0.0,0.0,0.0,0.0,0.0,0.0,0.0,0.0,0.0,0.0,0.0,0.0,0.0,0.0,0.0,0.0,0.0,0.0,0.0,0.0,0.0,0.0,0.0,0.0,0.0
2026-06-30T21:50:01.890872+00:00,0.0,-17.64,17.64,0.0,20.0,2.0,0.0,16.2,7.3,0.0,87.75,5002.56,46529.63,53370.56,0.0,0.0,0.0,0.0,0.0,0.0,39.59,25.35,21.35,34.63,0.0,0.0,0.0,0.0,0.0,0.0,0.0,0.0,0.0,0.0,0.0,0.0,0.0,0.0,0.0,0.0,0.0,0.0,0.0,0.0,0.0,0.0,0.0,0.0,237.27,0.47,239.44,0.49,236.61,0.48,-0.998,50.02
2026-06-30T21:55:01.295471+00:00,0.0,-17.79,17.79,0.0,20.0,2.0,0.0,16.2,7.3,0.0,87.75,5002.56,46529.63,53370.56,0.0,0.0,0.0,0.0,0.0,0.0,39.59,25.35,21.35,34.63,0.0,0.0,0.0,0.0,0.0,0.0,0.0,0.0,0.0,0.0,0.0,0.0,0.0,0.0,0.0,0.0,0.0,0.0,0.0,0.0,0.0,0.0,0.0,0.0,237.45,0.47,239.65,0.48,236.58,0.48,-0.987,50.12
2026-06-30T22:00:01.489028+00:00,0.0,-30.09,20.29,9.8,20.0,1.0,0.0,16.2,7.5,0.0,87.75,5002.56,46529.63,53370.56,0.0,0.0,0.0,0.0,0.0,0.0,0.0,25.35,21.35,34.63,0.0,0.0,0.0,0.0,0.0,0.0,0.0,0.0,0.0,0.0,0.0,0.0,0.0,0.0,0.0,0.0,0.0,0.0,0.0,0.0,0.0,0.0,0.0,0.0,0.0,0.0,0.0,0.0,0.0,0.0,0.0,0.0
2026-06-30T22:05:02.087249+00:00,0.0,-30.85,18.85,12.0,21.1,1.0,0.0,16.2,7.5,0.0,0.0,0.0,46529.63,53370.56,0.0,0.0,0.0,0.0,0.0,0.0,0.0,25.35,21.35,34.63,0.0,0.0,0.0,0.0,0.0,0.0,0.0,0.0,0.0,0.0,0.0,0.0,0.0,0.0,0.0,0.0,0.0,0.0,0.0,0.0,0.0,0.0,0.0,0.0,0.0,0.0,0.0,0.0,0.0,0.0,0.0,0.0
2026-06-30T22:10:01.428242+00:00,0.0,-29.18,17.18,12.0,22.4,1.0,0.0,16.2,7.5,0.0,0.0,0.0,46529.63,53370.56,0.0,0.0,0.0,0.0,0.0,0.0,0.0,25.35,21.35,34.63,0.0,0.0,0.0,0.0,0.0,0.0,0.0,0.0,0.0,0.0,0.0,0.0,0.0,0.0,0.0,0.0,0.0,0.0,0.0,0.0,0.0,0.0,0.0,0.0,0.0,0.0,0.0,0.0,0.0,0.0,0.0,0.0
2026-06-30T22:15:01.937940+00:00,0.0,-28.86,16.86,12.0,23.6,1.0,0.0,16.2,7.9,0.0,0.0,0.0,46529.63,53370.56,0.0,0.0,0.0,0.0,0.0,0.0,0.01,25.35,21.35,34.63,0.0,0.0,0.0,0.0,0.0,0.0,0.0,0.0,0.0,0.0,0.0,0.0,0.0,0.0,0.0,0.0,0.0,0.0,0.0,0.0,0.0,0.0,0.0,0.0,237.05,5.65,238.95,5.63,236.36,5.68,-1.0,50.0
2026-06-30T22:20:02.021405+00:00,0.0,-30.05,18.05,12.0,24.8,1.0,0.0,16.2,7.9,0.0,0.0,0.0,46529.63,53370.56,0.0,0.0,0.0,0.0,0.0,0.0,0.0,25.35,21.35,34.63,0.0,0.0,0.0,0.0,0.0,0.0,0.0,0.0,0.0,0.0,0.0,0.0,0.0,0.0,0.0,0.0,0.0,0.0,0.0,0.0,0.0,0.0,0.0,0.0,0.0,0.0,0.0,0.0,0.0,0.0,0.0,0.0
2026-06-30T22:25:01.773550+00:00,0.0,-30.06,18.06,12.0,26.1,1.0,0.0,16.2,7.9,0.0,0.0,0.0,46529.63,53370.56,0.0,0.0,0.0,0.0,0.0,0.0,0.0,25.35,21.35,34.63,0.0,0.0,0.0,0.0,0.0,0.0,0.0,0.0,0.0,0.0,0.0,0.0,0.0,0.0,0.0,0.0,0.0,0.0,0.0,0.0,0.0,0.0,0.0,0.0,0.0,0.0,0.0,0.0,0.0,0.0,0.0,0.0
2026-06-30T22:30:01.860393+00:00,0.0,-31.61,19.61,12.0,27.3,1.0,0.0,16.2,8.2,0.0,0.0,0.0,46529.63,53370.56,0.0,0.0,0.0,0.0,0.0,0.0,0.0,25.35,21.35,34.63,0.0,0.0,0.0,0.0,0.0,0.0,0.0,0.0,0.0,0.0,0.0,0.0,0.0,0.0,0.0,0.0,0.0,0.0,0.0,0.0,0.0,0.0,0.0,0.0,0.0,0.0,0.0,0.0,0.0,0.0,0.0,0.0
2026-06-30T22:35:01.715473+00:00,0.0,-29.92,17.92,12.0,28.5,1.0,0.0,16.2,8.2,0.0,0.0,0.0,46529.63,53370.56,0.0,0.0,0.0,0.0,0.0,0.0,0.01,25.35,21.35,34.63,0.0,0.0,0.0,0.0,0.0,0.0,0.0,0.0,0.0,0.0,0.0,0.0,0.0,0.0,0.0,0.0,0.0,0.0,0.0,0.0,0.0,0.0,0.0,0.0,237.66,5.64,239.54,5.62,236.76,5.67,-1.0,49.99
2026-06-30T22:40:01.159587+00:00,0.0,-29.82,17.82,12.0,29.8,1.0,0.0,16.2,8.2,0.0,0.0,0.0,46529.63,53370.56,0.0,0.0,0.0,0.0,0.0,0.0,0.01,25.35,21.35,34.63,0.0,0.0,0.0,0.0,0.0,0.0,0.0,0.0,0.0,0.0,0.0,0.0,0.0,0.0,0.0,0.0,0.0,0.0,0.0,0.0,0.0,0.0,0.0,0.0,237.94,5.63,239.65,5.61,236.77,5.67,-1.0,49.93
2026-06-30T22:45:01.266859+00:00,0.0,-34.13,22.13,12.0,31.0,1.0,0.0,16.2,8.5,0.0,0.0,0.0,46529.63,53370.56,0.0,0.0,0.0,0.0,0.0,0.0,0.0,25.35,21.35,34.63,0.0,0.0,0.0,0.0,0.0,0.0,0.0,0.0,0.0,0.0,0.0,0.0,0.0,0.0,0.0,0.0,0.0,0.0,0.0,0.0,0.0,0.0,0.0,0.0,0.0,0.0,0.0,0.0,0.0,0.0,0.0,0.0
2026-06-30T22:50:01.231325+00:00,0.0,-30.31,18.31,12.0,32.2,1.0,0.0,16.2,8.5,0.0,0.0,0.0,46529.63,53370.56,0.0,0.0,0.0,0.0,0.0,0.0,0.01,25.35,21.35,34.63,0.0,0.0,0.0,0.0,0.0,0.0,0.0,0.0,0.0,0.0,0.0,0.0,0.0,0.0,0.0,0.0,0.0,0.0,0.0,0.0,0.0,0.0,0.0,0.0,237.73,5.64,240.03,5.61,237.18,5.67,-1.0,49.98
2026-06-30T22:55:01.421119+00:00,0.0,-31.6,19.6,12.0,33.4,1.0,0.0,16.2,8.5,0.0,0.0,0.0,46529.63,53370.56,0.0,0.0,0.0,0.0,0.0,0.0,0.0,25.35,21.35,34.63,0.0,0.0,0.0,0.0,0.0,0.0,0.0,0.0,0.0,0.0,0.0,0.0,0.0,0.0,0.0,0.0,0.0,0.0,0.0,0.0,0.0,0.0,0.0,0.0,0.0,0.0,0.0,0.0,0.0,0.0,0.0,0.0
2026-06-30T23:00:01.950336+00:00,0.0,-30.89,18.89,12.0,34.6,1.0,0.0,16.2,8.7,0.0,0.0,0.0,46529.63,53370.56,0.0,0.0,0.0,0.0,0.0,0.0,0.0,25.35,21.35,34.63,0.0,0.0,0.0,0.0,0.0,0.0,0.0,0.0,0.0,0.0,0.0,0.0,0.0,0.0,0.0,0.0,0.0,0.0,0.0,0.0,0.0,0.0,0.0,0.0,0.0,0.0,0.0,0.0,0.0,0.0,0.0,0.0
2026-06-30T23:05:01.873010+00:00,0.0,-30.22,18.22,12.0,35.9,1.0,0.0,16.2,8.7,0.0,0.0,0.0,46529.63,53370.56,0.0,0.0,0.0,0.0,0.0,0.0,0.01,25.35,21.35,34.63,0.0,0.0,0.0,0.0,0.0,0.0,0.0,0.0,0.0,0.0,0.0,0.0,0.0,0.0,0.0,0.0,0.0,0.0,0.0,0.0,0.0,0.0,0.0,0.0,238.32,5.63,240.27,5.61,237.91,5.65,-1.0,50.04
2026-06-30T23:15:01.441712+00:00,0.0,-30.12,18.12,12.0,38.3,1.0,0.0,16.1,8.6,0.0,0.0,0.0,46529.63,53370.56,0.0,0.0,0.0,0.0,0.0,0.0,0.01,25.35,21.35,34.63,0.0,0.0,0.0,0.0,0.0,0.0,0.0,0.0,0.0,0.0,0.0,0.0,0.0,0.0,0.0,0.0,0.0,0.0,0.0,0.0,0.0,0.0,0.0,0.0,238.51,5.62,240.42,5.6,237.7,5.65,-1.0,49.98
2026-06-30T23:20:02.078009+00:00,0.0,-30.12,18.12,12.0,39.6,1.0,0.0,16.1,8.6,0.0,0.0,0.0,46529.63,53370.56,0.0,0.0,0.0,0.0,0.0,0.0,0.0,25.35,21.35,34.63,0.0,0.0,0.0,0.0,0.0,0.0,0.0,0.0,0.0,0.0,0.0,0.0,0.0,0.0,0.0,0.0,0.0,0.0,0.0,0.0,0.0,0.0,0.0,0.0,0.0,0.0,0.0,0.0,0.0,0.0,0.0,0.0
2026-06-30T23:25:01.451176+00:00,0.0,-31.62,19.62,12.0,40.8,1.0,0.0,16.1,8.6,0.0,0.0,0.0,46529.63,53370.56,0.0,0.0,0.0,0.0,0.0,0.0,0.0,25.35,21.35,34.63,0.0,0.0,0.0,0.0,0.0,0.0,0.0,0.0,0.0,0.0,0.0,0.0,0.0,0.0,0.0,0.0,0.0,0.0,0.0,0.0,0.0,0.0,0.0,0.0,0.0,0.0,0.0,0.0,0.0,0.0,0.0,0.0
2026-06-30T23:50:01.970640+00:00,0.0,-29.9,17.9,12.0,46.9,0.0,0.0,15.8,7.8,0.0,0.0,0.0,46529.63,53370.56,0.0,0.0,0.0,0.0,0.0,0.0,0.01,25.35,21.35,34.63,0.0,0.0,0.0,0.0,0.0,0.0,0.0,0.0,0.0,0.0,0.0,0.0,0.0,0.0,0.0,0.0,0.0,0.0,0.0,0.0,0.0,0.0,0.0,0.0,239.01,5.61,241.11,5.59,238.23,5.64,-1.0,49.96
2026-07-01T00:00:01.420601+00:00,0.0,-30.2,18.2,12.0,49.4,0.0,0.0,15.7,7.6,0.0,0.0,0.0,46529.63,53370.56,0.0,0.0,0.0,0.0,0.0,0.0,0.0,25.35,21.35,34.63,0.0,0.0,0.0,0.0,0.0,0.0,0.0,0.0,0.0,0.0,0.0,0.0,0.0,0.0,0.0,0.0,0.0,0.0,0.0,0.0,0.0,0.0,0.0,0.0,0.0,0.0,0.0,0.0,0.0,0.0,0.0,0.0
2026-07-01T00:05:01.434486+00:00,0.0,-30.08,18.08,12.0,50.6,0.0,0.0,15.7,7.6,0.0,0.0,0.0,46529.63,53370.56,0.0,0.0,0.0,0.0,0.0,0.0,0.01,25.35,21.35,34.63,0.0,0.0,0.0,0.0,0.0,0.0,0.0,0.0,0.0,0.0,0.0,0.0,0.0,0.0,0.0,0.0,0.0,0.0,0.0,0.0,0.0,0.0,0.0,0.0,239.55,5.6,241.65,5.57,238.61,5.63,-1.0,50.06
2026-07-01T00:15:01.815386+00:00,0.0,-30.12,18.12,12.0,53.0,0.0,0.0,15.5,7.6,0.0,0.0,0.0,46529.63,53370.56,0.0,0.0,0.0,0.0,0.0,0.0,0.0,25.35,21.35,34.63,0.0,0.0,0.0,0.0,0.0,0.0,0.0,0.0,0.0,0.0,0.0,0.0,0.0,0.0,0.0,0.0,0.0,0.0,0.0,0.0,0.0,0.0,0.0,0.0,0.0,0.0,0.0,0.0,0.0,0.0,0.0,0.0
2026-07-01T00:20:01.875441+00:00,0.0,-30.03,18.03,12.0,54.2,0.0,0.0,15.5,7.6,0.0,0.0,0.0,46529.63,53370.56,0.0,0.0,0.0,0.0,0.0,0.0,0.01,25.35,21.35,34.63,0.0,0.0,0.0,0.0,0.0,0.0,0.0,0.0,0.0,0.0,0.0,0.0,0.0,0.0,0.0,0.0,0.0,0.0,0.0,0.0,0.0,0.0,0.0,0.0,238.73,5.62,240.95,5.59,238.16,5.65,-1.0,49.95
2026-07-01T00:25:01.510708+00:00,0.0,-31.61,19.61,12.0,55.5,0.0,0.0,15.5,7.6,0.0,0.0,0.0,46529.63,53370.56,0.0,0.0,0.0,0.0,0.0,0.0,0.01,25.35,21.35,34.63,0.0,0.0,0.0,0.0,0.0,0.0,0.0,0.0,0.0,0.0,0.0,0.0,0.0,0.0,0.0,0.0,0.0,0.0,0.0,0.0,0.0,0.0,0.0,0.0,238.91,5.62,241.06,5.59,238.54,5.63,-1.0,49.99
2026-07-01T00:30:01.623131+00:00,0.0,-29.94,17.94,12.0,56.7,0.0,0.0,15.2,7.7,0.0,0.0,0.0,46529.63,53370.56,0.0,0.0,0.0,0.0,0.0,0.0,0.0,25.35,21.35,34.63,0.0,0.0,0.0,0.0,0.0,0.0,0.0,0.0,0.0,0.0,0.0,0.0,0.0,0.0,0.0,0.0,0.0,0.0,0.0,0.0,0.0,0.0,0.0,0.0,0.0,0.0,0.0,0.0,0.0,0.0,0.0,0.0
2026-07-01T00:35:01.465671+00:00,0.0,-30.05,18.05,12.0,57.9,0.0,0.0,15.2,7.7,0.0,0.0,0.0,46529.63,53370.56,0.0,0.0,0.0,0.0,0.0,0.0,0.01,25.35,21.35,34.63,0.0,0.0,0.0,0.0,0.0,0.0,0.0,0.0,0.0,0.0,0.0,0.0,0.0,0.0,0.0,0.0,0.0,0.0,0.0,0.0,0.0,0.0,0.0,0.0,239.61,5.6,241.32,5.58,238.93,5.63,-1.0,50.06
2026-07-01T00:40:01.639581+00:00,0.0,-30.03,18.03,12.0,59.1,0.0,0.0,15.2,7.7,0.0,0.0,0.0,46529.63,53370.56,0.0,0.0,0.0,0.0,0.0,0.0,0.01,25.35,21.35,34.63,0.0,0.0,0.0,0.0,0.0,0.0,0.0,0.0,0.0,0.0,0.0,0.0,0.0,0.0,0.0,0.0,0.0,0.0,0.0,0.0,0.0,0.0,0.0,0.0,239.7,5.59,241.58,5.57,238.87,5.62,-1.0,50.04
2026-07-01T00:50:01.940709+00:00,0.0,-31.34,19.34,12.0,61.6,0.0,0.0,15.0,7.8,0.0,0.0,0.0,46529.63,53370.56,0.0,0.0,0.0,0.0,0.0,0.0,0.01,25.35,21.35,34.63,0.0,0.0,0.0,0.0,0.0,0.0,0.0,0.0,0.0,0.0,0.0,0.0,0.0,0.0,0.0,0.0,0.0,0.0,0.0,0.0,0.0,0.0,0.0,0.0,239.66,5.59,241.49,5.57,238.75,5.62,-1.0,50.01
2026-07-01T00:55:01.881023+00:00,0.0,-29.97,17.97,12.0,62.7,0.0,0.0,15.0,7.8,0.0,0.0,0.0,46529.63,53370.56,0.0,0.0,0.0,0.0,0.0,0.0,0.0,25.35,21.35,34.63,0.0,0.0,0.0,0.0,0.0,0.0,0.0,0.0,0.0,0.0,0.0,0.0,0.0,0.0,0.0,0.0,0.0,0.0,0.0,0.0,0.0,0.0,0.0,0.0,0.0,0.0,0.0,0.0,0.0,0.0,0.0,0.0
2026-07-01T01:00:01.570635+00:00,0.0,-29.93,17.93,12.0,64.0,0.0,0.0,14.8,8.0,0.0,0.0,0.0,46529.63,53370.56,0.0,0.0,0.0,0.0,0.0,0.0,0.0,25.35,21.35,34.63,0.0,0.0,0.0,0.0,0.0,0.0,0.0,0.0,0.0,0.0,0.0,0.0,0.0,0.0,0.0,0.0,0.0,0.0,0.0,0.0,0.0,0.0,0.0,0.0,0.0,0.0,0.0,0.0,0.0,0.0,0.0,0.0
2026-07-01T01:05:01.670228+00:00,0.0,-30.07,18.07,12.0,65.2,0.0,0.0,14.8,8.0,0.0,0.0,0.0,46529.63,53370.56,0.0,0.0,0.0,0.0,0.0,0.0,0.0,25.35,21.35,34.63,0.0,0.0,0.0,0.0,0.0,0.0,0.0,0.0,0.0,0.0,0.0,0.0,0.0,0.0,0.0,0.0,0.0,0.0,0.0,0.0,0.0,0.0,0.0,0.0,0.0,0.0,0.0,0.0,0.0,0.0,0.0,0.0
2026-07-01T01:10:02.111039+00:00,0.0,-30.15,18.15,12.0,66.4,0.0,0.0,14.8,8.0,0.0,0.0,0.0,46529.63,53370.56,0.0,0.0,0.0,0.0,0.0,0.0,0.0,25.35,21.35,34.63,0.0,0.0,0.0,0.0,0.0,0.0,0.0,0.0,0.0,0.0,0.0,0.0,0.0,0.0,0.0,0.0,0.0,0.0,0.0,0.0,0.0,0.0,0.0,0.0,0.0,0.0,0.0,0.0,0.0,0.0,0.0,0.0
2026-07-01T01:15:01.700790+00:00,0.0,-31.78,19.78,12.0,67.6,1.0,0.0,14.6,8.1,0.0,0.0,0.0,46529.63,53370.56,0.0,0.0,0.0,0.0,0.0,0.0,0.01,25.35,21.35,34.63,0.0,0.0,0.0,0.0,0.0,0.0,0.0,0.0,0.0,0.0,0.0,0.0,0.0,0.0,0.0,0.0,0.0,0.0,0.0,0.0,0.0,0.0,0.0,0.0,239.39,5.6,241.24,5.58,238.52,5.63,-1.0,50.03
2026-07-01T01:20:01.404706+00:00,0.0,-31.59,19.59,12.0,68.8,1.0,0.0,14.6,8.1,0.0,0.0,0.0,46529.63,53370.56,0.0,0.0,0.0,0.0,0.0,0.0,0.01,25.35,21.35,34.63,0.0,0.0,0.0,0.0,0.0,0.0,0.0,0.0,0.0,0.0,0.0,0.0,0.0,0.0,0.0,0.0,0.0,0.0,0.0,0.0,0.0,0.0,0.0,0.0,239.29,5.61,241.01,5.59,238.41,5.64,-1.0,50.07
2026-07-01T01:25:01.521315+00:00,0.0,-29.94,17.94,12.0,70.0,1.0,0.0,14.6,8.1,0.0,0.0,0.0,46529.63,53370.56,0.0,0.0,0.0,0.0,0.0,0.0,0.01,25.35,21.35,34.63,0.0,0.0,0.0,0.0,0.0,0.0,0.0,0.0,0.0,0.0,0.0,0.0,0.0,0.0,0.0,0.0,0.0,0.0,0.0,0.0,0.0,0.0,0.0,0.0,239.24,5.6,241.45,5.57,238.45,5.63,-1.0,50.06
2026-07-01T01:30:01.962317+00:00,0.0,-29.95,17.95,12.0,71.2,3.0,0.0,14.4,8.2,0.0,0.0,0.0,46529.63,53370.56,0.0,0.0,0.0,0.0,0.0,0.0,0.01,25.35,21.35,34.63,0.0,0.0,0.0,0.0,0.0,0.0,0.0,0.0,0.0,0.0,0.0,0.0,0.0,0.0,0.0,0.0,0.0,0.0,0.0,0.0,0.0,0.0,0.0,0.0,238.77,5.61,240.77,5.58,238.6,5.62,-1.0,50.03
2026-07-01T01:35:01.517790+00:00,0.0,-29.88,17.88,12.0,72.4,3.0,0.0,14.4,8.2,0.0,0.0,0.0,46529.63,53370.56,0.0,0.0,0.0,0.0,0.0,0.0,0.01,25.35,21.35,34.63,0.0,0.0,0.0,0.0,0.0,0.0,0.0,0.0,0.0,0.0,0.0,0.0,0.0,0.0,0.0,0.0,0.0,0.0,0.0,0.0,0.0,0.0,0.0,0.0,238.53,5.62,240.78,5.59,238.26,5.64,-1.0,49.96
2026-07-01T01:40:01.883163+00:00,0.0,-31.81,19.81,12.0,73.6,3.0,0.0,14.4,8.2,0.0,0.0,0.0,46529.63,53370.56,0.0,0.0,0.0,0.0,0.0,0.0,0.01,25.35,21.35,34.63,0.0,0.0,0.0,0.0,0.0,0.0,0.0,0.0,0.0,0.0,0.0,0.0,0.0,0.0,0.0,0.0,0.0,0.0,0.0,0.0,0.0,0.0,0.0,0.0,238.51,5.61,240.35,5.59,238.19,5.63,-1.0,49.89
2026-07-01T01:50:02.129183+00:00,0.0,-29.91,17.91,12.0,76.1,23.0,0.0,14.3,8.3,0.0,0.0,0.0,46529.63,53370.56,0.0,0.0,0.0,0.0,0.0,0.0,0.01,25.35,21.35,34.63,0.0,0.0,0.0,0.0,0.0,0.0,0.0,0.0,0.0,0.0,0.0,0.0,0.0,0.0,0.0,0.0,0.0,0.0,0.0,0.0,0.0,0.0,0.0,0.0,239.23,5.6,240.86,5.59,238.51,5.63,-1.0,50.04
2026-07-01T01:55:01.958501+00:00,0.0,-28.77,16.77,12.0,77.3,23.0,0.0,14.3,8.3,0.0,0.0,0.0,46529.63,53370.56,0.0,0.0,0.0,0.0,0.0,0.0,0.0,25.35,21.35,34.63,0.0,0.0,0.0,0.0,0.0,0.0,0.0,0.0,0.0,0.0,0.0,0.0,0.0,0.0,0.0,0.0,0.0,0.0,0.0,0.0,0.0,0.0,0.0,0.0,0.0,0.0,0.0,0.0,0.0,0.0,0.0,0.0
2026-07-01T02:00:01.534425+00:00,0.0,-28.58,16.58,12.0,78.5,31.0,0.0,14.1,8.4,0.0,0.0,0.0,46529.63,53370.56,0.0,0.0,0.0,0.0,0.0,0.0,0.0,25.35,21.35,34.63,0.0,0.0,0.0,0.0,0.0,0.0,0.0,0.0,0.0,0.0,0.0,0.0,0.0,0.0,0.0,0.0,0.0,0.0,0.0,0.0,0.0,0.0,0.0,0.0,0.0,0.0,0.0,0.0,0.0,0.0,0.0,0.0
2026-07-01T02:05:01.749088+00:00,0.0,-28.45,16.45,12.0,79.7,31.0,0.0,14.1,8.4,0.0,0.0,0.0,46529.63,53370.56,0.0,0.0,0.0,0.0,0.0,0.0,0.0,25.35,21.35,34.63,0.0,0.0,0.0,0.0,0.0,0.0,0.0,0.0,0.0,0.0,0.0,0.0,0.0,0.0,0.0,0.0,0.0,0.0,0.0,0.0,0.0,0.0,0.0,0.0,0.0,0.0,0.0,0.0,0.0,0.0,0.0,0.0
2026-07-01T02:10:01.563598+00:00,0.0,-30.46,18.46,12.0,80.9,31.0,0.0,14.1,8.4,0.0,0.0,0.0,46529.63,53370.56,0.0,0.0,0.0,0.0,0.0,0.0,0.01,25.35,21.35,34.63,0.0,0.0,0.0,0.0,0.0,0.0,0.0,0.0,0.0,0.0,0.0,0.0,0.0,0.0,0.0,0.0,0.0,0.0,0.0,0.0,0.0,0.0,0.0,0.0,238.2,5.63,240.48,5.6,237.61,5.65,-1.0,50.0
2026-07-01T02:15:01.782997+00:00,0.0,-30.32,18.32,12.0,82.1,38.0,0.0,14.0,8.7,0.0,0.0,0.0,46529.63,53370.56,0.0,0.0,0.0,0.0,0.0,0.0,0.01,25.35,21.35,34.63,0.0,0.0,0.0,0.0,0.0,0.0,0.0,0.0,0.0,0.0,0.0,0.0,0.0,0.0,0.0,0.0,0.0,0.0,0.0,0.0,0.0,0.0,0.0,0.0,238.06,5.62,239.5,5.61,236.96,5.66,-1.0,49.93
2026-07-01T02:20:01.207016+00:00,0.0,-28.66,16.66,12.0,83.3,38.0,0.0,13.2,8.7,0.0,0.0,0.0,46529.63,53370.56,0.0,0.0,0.0,0.0,0.0,0.0,0.0,25.35,21.35,34.63,0.0,0.0,0.0,0.0,0.0,0.0,0.0,0.0,0.0,0.0,0.0,0.0,0.0,0.0,0.0,0.0,0.0,0.0,0.0,0.0,0.0,0.0,0.0,0.0,0.0,0.0,0.0,0.0,0.0,0.0,0.0,0.0
2026-07-01T02:25:01.344217+00:00,0.0,-28.67,16.67,12.0,84.5,38.0,0.0,13.2,8.7,0.0,0.0,0.0,46529.63,53370.56,0.0,0.0,0.0,0.0,0.0,0.0,0.01,25.35,21.35,34.63,0.0,0.0,0.0,0.0,0.0,0.0,0.0,0.0,0.0,0.0,0.0,0.0,0.0,0.0,0.0,0.0,0.0,0.0,0.0,0.0,0.0,0.0,0.0,0.0,238.21,5.62,240.74,5.59,237.59,5.65,-1.0,50.14
2026-07-01T02:30:01.733861+00:00,0.0,-28.76,16.76,12.0,85.7,45.0,0.0,13.0,8.9,0.0,0.0,0.0,46529.63,53370.56,0.0,0.0,0.0,0.0,0.0,0.0,0.0,25.35,21.35,34.63,0.0,0.0,0.0,0.0,0.0,0.0,0.0,0.0,0.0,0.0,0.0,0.0,0.0,0.0,0.0,0.0,0.0,0.0,0.0,0.0,0.0,0.0,0.0,0.0,0.0,0.0,0.0,0.0,0.0,0.0,0.0,0.0
2026-07-01T02:35:01.646625+00:00,0.0,-28.74,16.74,12.0,86.8,45.0,0.0,13.0,8.9,0.0,0.0,0.0,46529.63,53370.56,0.0,0.0,0.0,0.0,0.0,0.0,0.0,25.35,21.35,34.63,0.0,0.0,0.0,0.0,0.0,0.0,0.0,0.0,0.0,0.0,0.0,0.0,0.0,0.0,0.0,0.0,0.0,0.0,0.0,0.0,0.0,0.0,0.0,0.0,0.0,0.0,0.0,0.0,0.0,0.0,0.0,0.0
2026-07-01T02:40:02.012600+00:00,0.0,-30.14,18.14,12.0,88.1,45.0,0.0,13.0,8.9,0.0,0.0,0.0,46529.63,53370.56,0.0,0.0,0.0,0.0,0.0,0.0,0.0,25.35,21.35,34.63,0.0,0.0,0.0,0.0,0.0,0.0,0.0,0.0,0.0,0.0,0.0,0.0,0.0,0.0,0.0,0.0,0.0,0.0,0.0,0.0,0.0,0.0,0.0,0.0,0.0,0.0,0.0,0.0,0.0,0.0,0.0,0.0
2026-07-01T02:45:01.163187+00:00,0.0,-28.84,16.84,12.0,89.3,50.0,0.0,12.9,7.8,0.0,0.0,0.0,46529.63,53370.56,0.0,0.0,0.0,0.0,0.0,0.0,0.0,25.35,21.35,34.63,0.0,0.0,0.0,0.0,0.0,0.0,0.0,0.0,0.0,0.0,0.0,0.0,0.0,0.0,0.0,0.0,0.0,0.0,0.0,0.0,0.0,0.0,0.0,0.0,0.0,0.0,0.0,0.0,0.0,0.0,0.0,0.0
2026-07-01T02:50:02.001310+00:00,0.0,-28.79,16.79,12.0,90.5,50.0,0.0,12.9,7.8,0.0,0.0,0.0,46529.63,53370.56,0.0,0.0,0.0,0.0,0.0,0.0,0.0,25.35,21.35,34.63,0.0,0.0,0.0,0.0,0.0,0.0,0.0,0.0,0.0,0.0,0.0,0.0,0.0,0.0,0.0,0.0,0.0,0.0,0.0,0.0,0.0,0.0,0.0,0.0,0.0,0.0,0.0,0.0,0.0,0.0,0.0,0.0
2026-07-01T02:55:02.085015+00:00,0.0,-28.88,16.88,12.0,91.7,50.0,0.0,12.9,7.8,0.0,0.0,0.0,46529.63,53370.56,0.0,0.0,0.0,0.0,0.0,0.0,0.0,25.35,21.35,34.63,0.0,0.0,0.0,0.0,0.0,0.0,0.0,0.0,0.0,0.0,0.0,0.0,0.0,0.0,0.0,0.0,0.0,0.0,0.0,0.0,0.0,0.0,0.0,0.0,0.0,0.0,0.0,0.0,0.0,0.0,0.0,0.0
2026-07-01T03:00:01.593431+00:00,0.0,-28.82,16.82,12.0,92.9,54.0,0.0,12.9,8.0,0.0,0.0,0.0,46529.63,53370.56,0.0,0.0,0.0,0.0,0.0,0.0,0.0,25.35,21.35,34.63,0.0,0.0,0.0,0.0,0.0,0.0,0.0,0.0,0.0,0.0,0.0,0.0,0.0,0.0,0.0,0.0,0.0,0.0,0.0,0.0,0.0,0.0,0.0,0.0,0.0,0.0,0.0,0.0,0.0,0.0,0.0,0.0
2026-07-01T03:05:01.385051+00:00,0.0,-32.86,20.86,12.0,94.1,54.0,0.0,12.9,8.0,0.0,0.0,0.0,46529.63,53370.56,0.0,0.0,0.0,0.0,0.0,0.0,0.0,25.35,21.35,34.63,0.0,0.0,0.0,0.0,0.0,0.0,0.0,0.0,0.0,0.0,0.0,0.0,0.0,0.0,0.0,0.0,0.0,0.0,0.0,0.0,0.0,0.0,0.0,0.0,0.0,0.0,0.0,0.0,0.0,0.0,0.0,0.0
2026-07-01T03:10:01.693626+00:00,0.0,-30.66,18.66,12.0,95.2,54.0,0.0,12.9,8.0,0.0,0.0,0.0,46529.63,53370.56,0.0,0.0,0.0,0.0,0.0,0.0,0.0,25.35,21.35,34.63,0.0,0.0,0.0,0.0,0.0,0.0,0.0,0.0,0.0,0.0,0.0,0.0,0.0,0.0,0.0,0.0,0.0,0.0,0.0,0.0,0.0,0.0,0.0,0.0,0.0,0.0,0.0,0.0,0.0,0.0,0.0,0.0
2026-07-01T03:15:01.485103+00:00,0.0,-30.16,18.16,12.0,96.5,55.0,0.0,12.9,8.2,0.0,0.0,0.0,46529.63,53370.56,0.0,0.0,0.0,0.0,0.0,0.0,0.0,25.35,21.35,34.63,0.0,0.0,0.0,0.0,0.0,0.0,0.0,0.0,0.0,0.0,0.0,0.0,0.0,0.0,0.0,0.0,0.0,0.0,0.0,0.0,0.0,0.0,0.0,0.0,0.0,0.0,0.0,0.0,0.0,0.0,0.0,0.0
2026-07-01T03:20:01.173371+00:00,0.0,-30.13,18.13,12.0,97.6,55.0,0.0,12.9,8.2,0.0,0.0,0.0,46529.63,53370.56,0.0,0.0,0.0,0.0,0.0,0.0,0.0,25.35,21.35,34.63,0.0,0.0,0.0,0.0,0.0,0.0,0.0,0.0,0.0,0.0,0.0,0.0,0.0,0.0,0.0,0.0,0.0,0.0,0.0,0.0,0.0,0.0,0.0,0.0,0.0,0.0,0.0,0.0,0.0,0.0,0.0,0.0
2026-07-01T03:30:01.363401+00:00,0.0,-30.19,18.19,12.0,99.9,54.0,0.0,12.9,8.7,0.0,0.0,0.0,46529.63,53370.56,0.0,0.0,0.0,0.0,0.0,0.0,0.01,25.35,21.35,34.63,0.0,0.0,0.0,0.0,0.0,0.0,0.0,0.0,0.0,0.0,0.0,0.0,0.0,0.0,0.0,0.0,0.0,0.0,0.0,0.0,0.0,0.0,0.0,0.0,234.8,5.7,237.06,5.67,233.76,5.74,-1.0,50.01
2026-07-01T03:35:01.226502+00:00,0.0,-23.96,19.46,4.5,99.9,54.0,0.0,12.9,8.7,0.0,0.0,0.0,46529.63,53370.56,0.0,0.0,0.0,0.0,0.0,0.0,0.0,25.35,21.35,34.63,0.0,0.0,0.0,0.0,0.0,0.0,0.0,0.0,0.0,0.0,0.0,0.0,0.0,0.0,0.0,0.0,0.0,0.0,0.0,0.0,0.0,0.0,0.0,0.0,0.0,0.0,0.0,0.0,0.0,0.0,0.0,0.0
2026-07-01T03:40:01.302305+00:00,0.0,-20.66,20.46,0.2,100.0,54.0,0.0,12.9,8.7,0.0,0.0,0.0,46529.63,53370.56,0.0,0.0,0.0,0.0,0.0,0.0,0.0,25.35,21.35,34.63,0.0,0.0,0.0,0.0,0.0,0.0,0.0,0.0,0.0,0.0,0.0,0.0,0.0,0.0,0.0,0.0,0.0,0.0,0.0,0.0,0.0,0.0,0.0,0.0,0.0,0.0,0.0,0.0,0.0,0.0,0.0,0.0
2026-07-01T03:45:01.307862+00:00,0.0,-18.69,18.69,0.0,100.0,52.0,0.0,12.9,8.9,0.0,0.0,0.0,46529.63,53370.56,0.0,0.0,0.0,0.0,0.0,0.0,0.0,25.35,21.35,34.63,0.0,0.0,0.0,0.0,0.0,0.0,0.0,0.0,0.0,0.0,0.0,0.0,0.0,0.0,0.0,0.0,0.0,0.0,0.0,0.0,0.0,0.0,0.0,0.0,0.0,0.0,0.0,0.0,0.0,0.0,0.0,0.0
2026-07-01T03:50:01.351827+00:00,0.0,-18.65,18.65,0.0,100.0,52.0,0.0,12.9,8.9,0.0,0.0,0.0,46529.63,53370.56,0.0,0.0,0.0,0.0,0.0,0.0,0.0,25.35,21.35,34.63,0.0,0.0,0.0,0.0,0.0,0.0,0.0,0.0,0.0,0.0,0.0,0.0,0.0,0.0,0.0,0.0,0.0,0.0,0.0,0.0,0.0,0.0,0.0,0.0,0.0,0.0,0.0,0.0,0.0,0.0,0.0,0.0
2026-07-01T04:00:01.726819+00:00,0.0,26.4,14.0,-40.4,100.0,50.0,0.0,12.9,9.1,0.0,0.0,0.0,46529.63,53370.56,0.0,0.0,0.0,0.0,0.0,0.0,0.0,25.35,21.35,34.63,0.0,0.0,0.0,0.0,0.0,0.0,0.0,0.0,0.0,0.0,0.0,0.0,0.0,0.0,0.0,0.0,0.0,0.0,0.0,0.0,0.0,0.0,0.0,0.0,0.0,0.0,0.0,0.0,0.0,0.0,0.0,0.0
2026-07-01T04:05:01.622959+00:00,0.0,19.5,20.7,-40.2,95.1,50.0,0.0,12.9,9.1,0.0,0.0,0.0,46529.63,53370.56,0.0,0.0,0.0,0.0,0.0,0.0,0.0,25.35,21.35,34.63,0.0,0.0,0.0,0.0,0.0,0.0,0.0,0.0,0.0,0.0,0.0,0.0,0.0,0.0,0.0,0.0,0.0,0.0,0.0,0.0,0.0,0.0,0.0,0.0,0.0,0.0,0.0,0.0,0.0,0.0,0.0,0.0
2026-07-01T04:15:02.067011+00:00,0.0,15.56,24.64,-40.2,85.5,50.0,0.0,12.9,9.3,0.0,0.0,0.0,46529.63,53370.56,0.0,0.0,0.0,0.0,0.0,0.0,3.68,25.35,21.35,34.63,0.0,0.0,0.0,0.0,0.0,0.0,0.0,0.0,0.0,0.0,0.0,0.0,0.0,0.0,0.0,0.0,0.0,0.0,0.0,0.0,0.0,0.0,0.0,0.0,234.51,19.1,237.65,18.93,234.79,19.12,1.0,50.05
2026-07-01T04:25:01.995924+00:00,0.0,19.25,20.75,-40.0,75.9,50.0,0.0,12.9,9.3,0.0,0.0,0.0,46529.63,53370.56,0.0,0.0,0.0,0.0,0.0,0.0,0.0,25.35,21.35,34.63,0.0,0.0,0.0,0.0,0.0,0.0,0.0,0.0,0.0,0.0,0.0,0.0,0.0,0.0,0.0,0.0,0.0,0.0,0.0,0.0,0.0,0.0,0.0,0.0,0.0,0.0,0.0,0.0,0.0,0.0,0.0,0.0
2026-07-01T04:35:01.341994+00:00,0.0,15.97,24.03,-40.0,66.4,49.0,0.0,12.8,9.2,0.0,0.01,0.01,46529.64,53370.57,0.0,0.0,0.0,0.0,0.0,0.0,0.0,25.35,21.35,34.63,0.0,0.0,0.0,0.0,0.0,0.0,0.0,0.0,221.4,0.01,191.4,0.02,200.4,0.02,0.0,0.0,222.4,0.01,222.4,0.01,210.9,0.01,211.9,0.01,0.0,0.0,0.0,0.0,0.0,0.0,0.0,0.0
2026-07-01T04:40:01.219106+00:00,0.0,14.94,24.76,-39.7,61.6,49.0,0.0,12.8,9.2,0.0,0.01,0.01,46529.64,53370.57,0.0,0.0,0.0,0.0,0.0,0.0,0.0,25.35,21.35,34.63,0.0,0.0,0.0,0.0,0.0,0.0,0.0,0.0,248.2,0.0,195.7,0.03,212.1,0.04,0.0,0.0,204.7,0.01,205.8,0.08,204.5,0.07,202.2,0.1,0.0,0.0,0.0,0.0,0.0,0.0,0.0,0.0
2026-07-01T04:45:01.962078+00:00,0.0,13.99,25.31,-39.3,56.9,49.0,0.0,12.8,9.2,0.0,0.01,0.01,46529.64,53370.57,0.0,0.0,0.0,0.0,0.0,0.0,0.0,25.35,21.35,34.63,0.0,0.0,0.0,0.0,0.0,0.0,0.0,0.0,280.0,-0.02,258.6,0.07,233.0,0.07,0.0,0.0,204.7,0.01,205.8,0.08,204.5,0.07,202.2,0.1,0.0,0.0,0.0,0.0,0.0,0.0,0.0,0.0
2026-07-01T04:50:01.975534+00:00,0.0,19.94,18.76,-38.7,52.2,49.0,0.0,12.8,9.2,0.0,0.02,0.02,46529.65,53370.58,0.0,0.0,0.0,0.0,0.0,0.0,0.0,25.35,21.35,34.63,0.0,0.0,0.0,0.0,0.0,0.0,0.0,0.0,306.8,-0.03,286.1,0.04,268.0,0.13,0.0,0.0,182.1,-0.01,272.1,0.09,322.8,0.14,222.8,0.08,0.0,0.0,0.0,0.0,0.0,0.0,0.0,0.0
2026-07-01T04:55:01.614230+00:00,0.0,19.4,18.8,-38.2,47.6,49.0,0.0,12.8,9.2,0.0,0.03,0.03,46529.66,53370.59,0.0,0.0,0.0,0.0,0.0,0.0,0.0,25.35,21.35,34.63,0.0,0.0,0.0,0.0,0.0,0.0,0.0,0.0,313.9,-0.04,316.2,0.04,265.2,0.14,0.0,0.0,182.1,-0.01,272.1,0.09,322.8,0.14,222.8,0.08,0.0,0.0,0.0,0.0,0.0,0.0,0.0,0.0
2026-07-01T05:00:01.405689+00:00,0.0,12.44,25.16,-37.6,43.1,46.0,0.0,12.9,9.1,0.0,0.04,0.04,46529.67,53370.6,0.0,0.0,0.0,0.0,0.0,0.0,0.0,25.35,21.35,34.63,0.0,0.0,0.0,0.0,0.0,0.0,0.0,0.0,0.0,0.0,0.0,0.0,0.0,0.0,0.0,0.0,266.4,0.0,401.0,0.06,352.8,0.14,341.5,0.12,0.0,0.0,0.0,0.0,0.0,0.0,0.0,0.0
2026-07-01T05:10:01.581927+00:00,1.0,17.52,20.88,-37.4,34.1,46.0,0.0,12.9,9.1,0.0,0.12,0.12,46529.75,53370.68,0.0,0.0,0.0,0.0,0.0,0.0,0.0,25.35,21.35,34.63,0.0,0.0,0.0,0.0,0.0,0.0,0.0,0.0,499.2,0.12,388.5,0.07,396.6,0.1,0.0,0.0,322.5,0.07,496.4,0.08,415.9,0.11,409.3,0.1,0.0,0.0,0.0,0.0,0.0,0.0,0.0,0.0
2026-07-01T05:15:01.734206+00:00,1.2,15.99,22.31,-37.1,29.6,40.0,0.0,13.2,9.0,0.0,0.18,0.18,46529.81,53370.74,0.0,0.0,0.0,0.0,0.0,0.0,0.0,25.35,21.35,34.63,0.0,0.0,0.0,0.0,0.0,0.0,0.0,0.0,472.0,0.25,426.8,0.21,415.1,0.14,0.0,0.0,381.4,0.22,478.2,0.18,462.1,0.16,455.2,0.15,0.0,0.0,0.0,0.0,0.0,0.0,0.0,0.0
2026-07-01T05:20:01.143421+00:00,1.5,17.78,20.62,-36.9,25.2,40.0,0.0,13.2,9.0,0.0,0.27,0.27,46529.9,53370.83,0.0,0.0,0.0,0.0,0.0,0.0,0.0,25.35,21.35,34.63,0.0,0.0,0.0,0.0,0.0,0.0,0.0,0.0,484.1,0.24,483.6,0.28,473.5,0.25,0.0,0.0,490.8,0.28,467.6,0.3,471.2,0.25,462.5,0.28,0.0,0.0,0.0,0.0,0.0,0.0,0.0,0.0
2026-07-01T05:25:02.097792+00:00,1.8,11.39,26.21,-35.8,20.8,40.0,0.0,13.2,9.0,0.0,0.37,0.37,46530.0,53370.93,0.0,0.0,0.0,0.0,0.0,0.0,19.81,25.35,21.35,34.63,511.8,0.27,507.0,0.31,486.8,0.36,0.0,0.0,493.4,0.23,516.9,0.26,477.2,0.36,0.0,0.0,482.4,0.27,477.5,0.35,480.6,0.35,476.5,0.38,233.73,18.45,236.26,18.33,233.1,18.54,1.0,49.95
2026-07-01T05:35:01.461804+00:00,2.0,-15.95,17.95,0.0,20.0,33.0,0.0,13.6,9.0,0.0,0.63,0.63,46530.26,53371.19,0.0,0.0,0.0,0.8,0.4,0.65,19.97,25.35,21.35,34.63,514.5,0.67,510.1,0.35,531.6,0.58,0.0,0.0,485.9,0.32,514.0,0.31,534.1,0.39,0.0,0.0,493.5,0.33,496.8,0.38,491.0,0.44,486.9,0.46,240.75,0.97,243.59,0.97,240.13,0.98,0.999,49.9
2026-07-01T05:40:02.065216+00:00,2.3,-16.25,18.55,0.0,20.0,33.0,0.0,13.6,9.0,0.0,0.78,0.78,46530.41,53371.34,0.0,0.0,0.0,0.0,0.4,0.78,0.0,25.35,21.35,34.63,0.0,0.0,0.0,0.0,0.0,0.0,0.0,0.0,503.7,0.4,527.9,0.37,542.7,0.4,0.0,0.0,504.2,0.41,515.0,0.4,511.0,0.44,491.0,0.46,0.0,0.0,0.0,0.0,0.0,0.0,0.0,0.0
2026-07-01T05:45:02.125718+00:00,2.7,-11.45,14.15,0.0,20.0,25.0,0.0,14.1,9.0,0.0,0.96,0.96,46530.59,53371.52,0.0,0.0,0.0,0.0,0.58,0.89,0.0,25.35,21.35,34.63,0.0,0.0,0.0,0.0,0.0,0.0,0.0,0.0,505.9,0.49,534.4,0.46,540.8,0.44,0.0,0.0,516.4,0.53,518.2,0.45,519.0,0.44,497.6,0.46,0.0,0.0,0.0,0.0,0.0,0.0,0.0,0.0
2026-07-01T05:55:01.457417+00:00,3.6,-20.13,23.73,0.0,20.0,25.0,0.0,14.1,9.0,0.0,1.4,1.4,46531.03,53371.96,0.0,0.0,0.0,0.0,0.9,1.14,0.0,25.35,21.35,34.63,0.0,0.0,0.0,0.0,0.0,0.0,0.0,0.0,524.7,0.59,543.4,0.58,488.8,0.85,0.0,0.0,546.2,0.66,548.1,0.6,515.5,0.53,515.0,0.55,0.0,0.0,0.0,0.0,0.0,0.0,0.0,0.0
2026-07-01T06:00:01.588791+00:00,5.282,-34.67,23.57,16.382,20.0,19.0,66.0,14.7,8.8,0.0,1.69,1.69,46531.32,53372.25,0.0,0.0,0.0,0.0,0.0,0.0,0.0,25.35,21.35,34.63,0.0,0.0,0.0,0.0,0.0,0.0,0.0,0.0,0.0,0.0,0.0,0.0,0.0,0.0,0.0,0.0,0.0,0.0,0.0,0.0,0.0,0.0,0.0,0.0,0.0,0.0,0.0,0.0,0.0,0.0,0.0,0.0
2026-07-01T06:05:01.735164+00:00,5.2,-24.12,24.12,5.2,20.4,19.0,66.0,14.7,8.8,0.0,2.02,2.02,46531.65,53372.58,0.0,0.0,0.0,0.0,0.0,1.5,0.0,25.35,21.35,34.63,0.0,0.0,0.0,0.0,0.0,0.0,0.0,0.0,0.0,0.0,0.0,0.0,0.0,0.0,0.0,0.0,554.2,0.88,529.3,0.8,535.7,0.68,527.4,0.72,0.0,0.0,0.0,0.0,0.0,0.0,0.0,0.0
2026-07-01T06:10:02.134039+00:00,5.9,-20.54,20.54,5.9,20.9,19.0,66.0,14.7,8.8,0.0,2.39,2.39,46532.02,53372.95,0.0,0.0,0.0,0.0,0.0,1.64,0.0,25.35,21.35,34.63,0.0,0.0,0.0,0.0,0.0,0.0,0.0,0.0,0.0,0.0,0.0,0.0,0.0,0.0,0.0,0.0,535.7,1.28,528.3,0.93,542.3,0.74,549.2,0.76,0.0,0.0,0.0,0.0,0.0,0.0,0.0,0.0
2026-07-01T06:15:02.141344+00:00,6.5,-21.21,21.21,6.5,21.5,15.0,66.0,15.5,8.5,0.0,2.8,2.8,46532.43,53373.36,0.0,0.0,0.0,0.0,1.54,2.01,0.0,25.35,21.35,34.63,0.0,0.0,0.0,0.0,0.0,0.0,0.0,0.0,531.1,0.67,446.0,1.17,452.6,1.7,0.0,0.0,529.5,1.42,546.2,1.06,556.0,0.77,550.6,0.8,0.0,0.0,0.0,0.0,0.0,0.0,0.0,0.0
2026-07-01T06:20:01.736401+00:00,7.0,-18.33,18.23,7.1,22.2,15.0,66.0,15.5,8.5,0.0,3.27,3.27,46532.9,53373.83,0.0,0.0,0.0,0.0,1.72,2.01,0.0,25.35,21.35,34.63,0.0,0.0,0.0,0.0,0.0,0.0,0.0,0.0,543.8,0.68,324.5,1.93,454.1,1.89,0.0,0.0,533.6,1.52,559.0,1.18,563.1,0.79,557.7,0.82,0.0,0.0,0.0,0.0,0.0,0.0,0.0,0.0
2026-07-01T06:25:01.810602+00:00,7.7,-17.76,17.76,7.7,22.9,15.0,66.0,15.5,8.5,0.0,3.79,3.79,46533.42,53374.35,0.0,0.0,0.0,0.0,1.72,2.39,0.0,25.35,21.35,34.63,0.0,0.0,0.0,0.0,0.0,0.0,0.0,0.0,552.0,0.72,326.9,2.07,458.0,2.01,0.0,0.0,533.8,1.71,561.0,1.29,558.0,0.82,565.4,0.82,0.0,0.0,0.0,0.0,0.0,0.0,0.0,0.0
2026-07-01T06:30:01.980604+00:00,9.5,-27.42,27.52,9.4,23.7,13.0,66.0,16.5,8.0,0.0,4.36,4.36,46533.99,53374.92,0.0,0.0,0.0,0.0,2.55,3.29,0.0,25.35,21.35,34.64,0.0,0.0,0.0,0.0,0.0,0.0,0.0,0.0,520.1,0.86,360.7,2.14,455.6,2.19,0.0,0.0,535.0,1.91,562.3,1.36,563.9,0.84,574.5,0.82,0.0,0.0,0.0,0.0,0.0,0.0,0.0,0.0
2026-07-01T06:35:01.866541+00:00,10.3,-28.65,28.65,10.3,24.8,13.0,66.0,16.5,8.0,0.0,5.0,5.0,46534.63,53375.56,0.0,0.0,0.0,0.0,2.8,3.75,0.0,25.35,21.35,34.64,0.0,0.0,0.0,0.0,0.0,0.0,0.0,0.0,411.7,1.81,361.1,2.33,460.8,2.39,0.0,0.0,535.6,2.25,497.0,1.91,392.6,2.23,442.2,2.17,0.0,0.0,0.0,0.0,0.0,0.0,0.0,0.0
2026-07-01T06:40:01.883645+00:00,11.4,-26.11,26.11,11.4,25.9,13.0,66.0,16.5,8.0,0.0,5.78,5.78,46535.41,53376.34,0.0,0.0,0.0,0.0,0.0,4.26,0.0,25.35,21.35,34.64,0.0,0.0,0.0,0.0,0.0,0.0,0.0,0.0,0.0,0.0,0.0,0.0,0.0,0.0,0.0,0.0,535.6,2.25,497.0,1.91,392.6,2.23,442.2,2.17,0.0,0.0,0.0,0.0,0.0,0.0,0.0,0.0
2026-07-01T06:45:01.672534+00:00,12.7,-26.02,26.12,12.6,27.1,11.0,66.0,17.5,7.5,0.0,6.64,6.64,46536.27,53377.2,0.0,0.0,0.0,0.0,3.09,4.26,0.0,25.35,21.35,34.64,0.0,0.0,0.0,0.0,0.0,0.0,0.0,0.0,361.5,2.85,358.6,2.8,465.7,2.85,0.0,0.0,539.8,2.36,445.6,2.39,429.4,2.28,448.0,2.31,0.0,0.0,0.0,0.0,0.0,0.0,0.0,0.0
2026-07-01T06:50:01.253054+00:00,13.4,-22.72,22.62,13.5,28.5,11.0,66.0,17.5,7.5,0.0,7.6,7.6,46537.23,53378.16,0.0,0.0,0.0,0.0,3.85,5.15,0.0,25.35,21.35,34.64,0.0,0.0,0.0,0.0,0.0,0.0,0.0,0.0,435.4,2.99,357.1,3.02,459.4,3.02,0.0,0.0,536.3,2.54,444.6,2.63,482.0,2.47,527.8,2.46,0.0,0.0,0.0,0.0,0.0,0.0,0.0,0.0
2026-07-01T06:55:02.042992+00:00,14.2,-27.38,27.48,14.1,29.9,11.0,66.0,17.5,7.5,0.0,8.64,8.64,46538.27,53379.2,0.0,0.0,0.0,0.0,3.85,5.15,0.0,25.36,21.35,34.64,0.0,0.0,0.0,0.0,0.0,0.0,0.0,0.0,499.2,3.15,356.5,3.19,452.3,3.18,0.0,0.0,536.6,2.73,446.9,2.81,486.3,2.69,537.6,2.62,0.0,0.0,0.0,0.0,0.0,0.0,0.0,0.0
2026-07-01T07:05:01.548347+00:00,15.6,-26.57,26.57,15.6,32.9,9.0,224.0,18.4,6.8,0.0,10.92,10.92,46540.55,53381.48,0.0,0.0,0.0,0.0,4.4,6.26,0.0,25.36,21.35,34.64,0.0,0.0,0.0,0.0,0.0,0.0,0.0,0.0,499.5,3.48,357.1,3.48,441.2,3.51,0.0,0.0,535.1,3.23,487.1,3.18,499.1,3.13,534.3,3.23,0.0,0.0,0.0,0.0,0.0,0.0,0.0,0.0
2026-07-01T07:10:02.155610+00:00,16.7,-24.91,24.91,16.7,34.6,9.0,224.0,18.4,6.8,0.0,12.15,12.15,46541.78,53382.71,0.0,0.0,0.0,0.0,4.58,6.68,0.0,25.36,21.35,34.64,0.0,0.0,0.0,0.0,0.0,0.0,0.0,0.0,499.1,3.64,355.9,3.67,432.8,3.68,0.0,0.0,535.1,3.23,487.1,3.18,499.1,3.13,534.3,3.23,0.0,0.0,0.0,0.0,0.0,0.0,0.0,0.0
2026-07-01T07:15:01.686341+00:00,17.7,-23.38,23.38,17.7,36.3,7.0,224.0,19.3,5.7,0.0,13.46,13.46,46543.09,53384.02,0.0,0.0,0.0,0.0,4.58,7.04,0.0,25.36,21.35,34.64,0.0,0.0,0.0,0.0,0.0,0.0,0.0,0.0,498.1,3.81,354.3,3.85,426.2,3.83,0.0,0.0,533.5,3.39,508.2,3.35,501.1,3.33,534.8,3.4,0.0,0.0,0.0,0.0,0.0,0.0,0.0,0.0
2026-07-01T07:25:01.346237+00:00,19.0,-18.43,18.53,18.9,40.1,7.0,224.0,19.3,5.7,0.0,16.29,16.29,46545.92,53386.85,0.0,0.0,0.0,0.0,5.04,7.37,0.0,25.36,21.35,34.64,0.0,0.0,0.0,0.0,0.0,0.0,0.0,0.0,506.5,4.11,353.1,4.18,404.0,4.14,0.0,0.0,530.9,3.69,526.7,3.67,509.5,3.69,532.1,3.71,0.0,0.0,0.0,0.0,0.0,0.0,0.0,0.0
2026-07-01T07:30:01.981281+00:00,19.8,-22.78,22.78,19.8,42.1,5.0,224.0,20.2,4.7,0.0,17.79,17.79,46547.42,53388.35,0.0,0.0,0.0,0.0,5.26,8.04,0.0,25.36,21.36,34.64,0.0,0.0,0.0,0.0,0.0,0.0,0.0,0.0,514.0,4.24,352.6,4.32,388.0,4.29,0.0,0.0,527.4,4.01,529.5,4.0,517.9,3.96,531.0,4.01,0.0,0.0,0.0,0.0,0.0,0.0,0.0,0.0
2026-07-01T07:40:01.690602+00:00,21.3,-20.23,20.23,21.3,46.3,5.0,224.0,20.2,4.7,0.0,20.98,20.98,46550.61,53391.54,0.0,0.0,0.0,0.0,5.62,8.64,0.0,25.36,21.36,34.65,0.0,0.0,0.0,0.0,0.0,0.0,0.0,0.0,521.6,4.73,352.9,4.82,382.7,4.79,0.0,0.0,528.4,4.16,529.2,4.15,519.8,4.12,528.7,4.19,0.0,0.0,0.0,0.0,0.0,0.0,0.0,0.0
2026-07-01T07:50:02.055774+00:00,22.6,-27.73,27.73,22.6,50.8,3.0,224.0,21.0,3.9,0.0,24.41,24.41,46554.04,53394.97,0.0,0.0,0.0,0.0,5.97,9.25,0.0,25.36,21.36,34.65,0.0,0.0,0.0,0.0,0.0,0.0,0.0,0.0,519.6,5.03,365.0,5.01,367.2,5.14,0.0,0.0,526.6,4.44,527.3,4.46,523.0,4.43,530.0,4.48,0.0,0.0,0.0,0.0,0.0,0.0,0.0,0.0
2026-07-01T07:55:01.362351+00:00,23.2,-21.36,21.36,23.2,53.0,3.0,224.0,21.0,3.9,0.0,26.21,26.21,46555.84,53396.77,0.0,0.0,0.0,0.0,0.0,9.53,0.0,25.36,21.36,34.65,0.0,0.0,0.0,0.0,0.0,0.0,0.0,0.0,0.0,0.0,0.0,0.0,0.0,0.0,0.0,0.0,526.3,4.59,527.4,4.61,523.7,4.61,528.4,4.64,0.0,0.0,0.0,0.0,0.0,0.0,0.0,0.0
2026-07-01T08:05:01.830290+00:00,25.0,-21.11,21.11,25.0,57.9,2.0,378.0,21.7,3.7,0.0,29.98,29.98,46559.61,53400.54,0.0,0.0,0.0,0.0,6.32,10.05,0.0,25.37,21.36,34.65,0.0,0.0,0.0,0.0,0.0,0.0,0.0,0.0,514.1,5.33,392.5,5.3,352.0,5.44,0.0,0.0,524.9,4.85,525.0,4.89,525.4,4.88,526.2,4.93,0.0,0.0,0.0,0.0,0.0,0.0,0.0,0.0
2026-07-01T08:10:01.379118+00:00,25.6,-19.93,19.93,25.6,60.6,2.0,378.0,21.7,3.7,0.0,31.97,31.97,46561.6,53402.53,0.0,0.0,0.0,0.0,6.55,10.05,0.0,25.37,21.36,34.65,0.0,0.0,0.0,0.0,0.0,0.0,0.0,0.0,513.8,5.45,407.8,5.43,343.1,5.6,0.0,0.0,524.3,4.98,526.2,5.0,526.0,5.03,525.0,5.07,0.0,0.0,0.0,0.0,0.0,0.0,0.0,0.0
2026-07-01T08:15:01.950382+00:00,26.3,-23.96,24.06,26.2,63.2,1.0,378.0,22.3,4.3,0.0,34.01,34.01,46563.64,53404.57,0.0,0.0,0.0,0.0,7.0,10.54,0.0,25.37,21.36,34.65,0.0,0.0,0.0,0.0,0.0,0.0,0.0,0.0,511.3,5.59,426.6,5.55,334.1,5.7,0.0,0.0,522.5,5.12,524.7,5.14,522.9,5.19,524.9,5.19,0.0,0.0,0.0,0.0,0.0,0.0,0.0,0.0
2026-07-01T08:25:01.742450+00:00,27.7,-21.4,21.4,27.7,68.6,1.0,378.0,22.3,4.3,0.0,38.27,38.27,46567.9,53408.83,0.0,0.0,0.0,0.0,7.6,10.99,0.0,25.37,21.36,34.66,0.0,0.0,0.0,0.0,0.0,0.0,0.0,0.0,509.8,5.83,473.3,5.79,329.6,5.93,0.0,0.0,521.1,5.36,523.2,5.38,522.0,5.44,522.5,5.45,0.0,0.0,0.0,0.0,0.0,0.0,0.0,0.0
2026-07-01T08:30:01.706591+00:00,28.3,-20.53,20.53,28.3,71.4,2.0,378.0,22.7,5.2,0.0,40.49,40.49,46570.12,53411.05,0.0,0.0,0.0,0.0,7.8,11.17,0.0,25.37,21.36,34.66,0.0,0.0,0.0,0.0,0.0,0.0,0.0,0.0,507.9,5.95,491.8,5.95,337.6,6.01,0.0,0.0,523.6,5.44,523.7,5.48,522.7,5.55,522.8,5.56,0.0,0.0,0.0,0.0,0.0,0.0,0.0,0.0
2026-07-01T08:35:01.809950+00:00,28.8,-18.59,18.59,28.8,74.3,2.0,378.0,22.7,5.2,0.0,42.75,42.75,46572.38,53413.31,0.0,0.0,0.0,0.0,7.8,11.37,0.0,25.37,21.37,34.66,0.0,0.0,0.0,0.0,0.0,0.0,0.0,0.0,506.7,6.07,500.0,6.12,342.3,6.19,0.0,0.0,520.5,5.58,522.7,5.59,522.1,5.68,520.0,5.71,0.0,0.0,0.0,0.0,0.0,0.0,0.0,0.0
2026-07-01T08:40:01.543569+00:00,29.2,-22.84,22.84,29.2,77.2,2.0,378.0,22.7,5.2,0.0,45.06,45.06,46574.69,53415.62,0.0,0.0,0.0,0.0,0.0,11.37,0.0,25.37,21.37,34.66,0.0,0.0,0.0,0.0,0.0,0.0,0.0,0.0,0.0,0.0,0.0,0.0,0.0,0.0,0.0,0.0,520.7,5.66,520.1,5.71,519.4,5.81,519.5,5.81,0.0,0.0,0.0,0.0,0.0,0.0,0.0,0.0
2026-07-01T08:50:01.891123+00:00,29.7,-18.92,18.72,29.9,83.1,3.0,378.0,23.1,6.5,0.0,49.79,49.79,46579.42,53420.35,0.0,0.0,0.0,0.0,8.24,11.67,0.0,25.37,21.37,34.66,0.0,0.0,0.0,0.0,0.0,0.0,0.0,0.0,502.6,6.37,518.6,6.49,341.4,6.49,0.0,0.0,517.5,5.85,519.0,5.88,519.7,5.99,520.0,5.99,0.0,0.0,0.0,0.0,0.0,0.0,0.0,0.0
2026-07-01T08:55:01.211808+00:00,30.2,-21.43,21.43,30.2,86.1,3.0,378.0,23.1,6.5,0.0,52.21,52.21,46581.84,53422.77,0.0,0.0,0.0,0.0,0.0,11.98,0.0,25.38,21.37,34.67,0.0,0.0,0.0,0.0,0.0,0.0,0.0,0.0,0.0,0.0,0.0,0.0,0.0,0.0,0.0,0.0,517.2,5.92,518.6,5.94,518.3,6.08,517.3,6.08,0.0,0.0,0.0,0.0,0.0,0.0,0.0,0.0
2026-07-01T09:05:01.320365+00:00,30.528,-21.8,21.8,30.528,92.3,4.0,499.0,23.5,7.7,0.0,57.09,57.09,46586.72,53427.65,0.0,0.0,0.0,0.0,8.53,12.28,0.0,25.38,21.37,34.67,0.0,0.0,0.0,0.0,0.0,0.0,0.0,0.0,499.2,6.62,517.2,6.72,337.3,6.73,0.0,0.0,515.1,6.14,515.7,6.18,520.2,6.31,516.1,6.34,0.0,0.0,0.0,0.0,0.0,0.0,0.0,0.0
2026-07-01T09:10:01.948572+00:00,30.314,-11.39,20.49,21.214,94.9,4.0,499.0,23.6,7.7,0.0,59.58,59.58,46589.21,53430.14,0.0,0.0,0.0,0.0,8.62,12.44,0.0,25.38,21.37,34.67,0.0,0.0,0.0,0.0,0.0,0.0,0.0,0.0,499.7,6.68,518.3,6.78,332.0,6.78,0.0,0.0,515.1,6.14,515.7,6.18,520.2,6.31,516.1,6.34,0.0,0.0,0.0,0.0,0.0,0.0,0.0,0.0
2026-07-01T09:15:01.593488+00:00,30.876,-10.96,20.56,21.276,97.1,5.0,499.0,24.0,8.7,0.0,62.07,62.07,46591.7,53432.63,0.0,0.0,0.0,0.0,8.55,12.52,0.0,25.38,21.37,34.67,0.0,0.0,0.0,0.0,0.0,0.0,0.0,0.0,501.6,6.71,520.8,6.81,322.3,6.84,0.0,0.0,515.2,6.2,514.5,6.25,519.4,6.39,516.1,6.41,0.0,0.0,0.0,0.0,0.0,0.0,0.0,0.0
2026-07-01T09:20:01.544011+00:00,30.895,2.34,21.36,7.195,99.0,5.0,499.0,24.0,8.7,0.0,64.59,64.59,46594.22,53435.15,0.0,0.0,0.0,0.0,8.48,12.57,0.0,25.38,21.37,34.67,0.0,0.0,0.0,0.0,0.0,0.0,0.0,0.0,498.9,6.79,518.4,6.88,311.4,6.87,0.0,0.0,513.0,6.28,516.2,6.27,520.2,6.43,518.6,6.43,0.0,0.0,0.0,0.0,0.0,0.0,0.0,0.0
2026-07-01T09:25:01.806606+00:00,30.7,10.86,19.84,0.0,99.9,5.0,499.0,24.0,8.7,0.0,67.15,67.15,46596.78,53437.71,0.0,0.0,0.0,0.0,8.48,12.57,0.0,25.38,21.38,34.68,0.0,0.0,0.0,0.0,0.0,0.0,0.0,0.0,499.0,6.83,517.1,6.93,299.0,6.88,0.0,0.0,514.8,6.3,516.2,6.31,517.6,6.51,517.0,6.49,0.0,0.0,0.0,0.0,0.0,0.0,0.0,0.0
2026-07-01T09:30:01.614512+00:00,30.6,5.63,24.97,0.0,100.0,6.0,499.0,24.5,10.8,0.0,69.71,69.71,46599.34,53440.27,0.0,0.0,0.0,0.0,0.0,12.62,0.0,25.38,21.38,34.68,0.0,0.0,0.0,0.0,0.0,0.0,0.0,0.0,0.0,0.0,0.0,0.0,0.0,0.0,0.0,0.0,516.3,6.29,514.6,6.33,517.9,6.5,515.4,6.5,0.0,0.0,0.0,0.0,0.0,0.0,0.0,0.0
2026-07-01T09:35:01.961624+00:00,30.8,10.92,19.88,0.0,100.0,6.0,499.0,24.5,10.8,0.0,72.28,72.28,46601.91,53442.84,0.0,0.0,0.0,0.0,8.3,12.7,0.0,25.39,21.38,34.68,0.0,0.0,0.0,0.0,0.0,0.0,0.0,0.0,498.6,6.84,517.1,6.94,267.3,6.86,0.0,0.0,518.0,6.29,515.8,6.34,516.4,6.53,513.4,6.54,0.0,0.0,0.0,0.0,0.0,0.0,0.0,0.0
2026-07-01T09:40:02.003243+00:00,30.9,6.66,24.24,0.0,100.0,6.0,499.0,24.5,10.8,0.0,74.83,74.83,46604.46,53445.39,0.0,0.0,0.0,0.0,8.3,12.7,0.0,25.39,21.38,34.68,0.0,0.0,0.0,0.0,0.0,0.0,0.0,0.0,498.2,6.87,517.1,6.98,257.1,6.92,0.0,0.0,516.5,6.31,515.4,6.37,518.4,6.54,514.1,6.56,0.0,0.0,0.0,0.0,0.0,0.0,0.0,0.0
2026-07-01T09:50:01.896376+00:00,31.2,12.22,18.98,0.0,100.0,6.0,499.0,24.9,11.6,0.0,79.98,79.98,46609.61,53450.54,0.0,0.0,0.0,0.0,0.0,12.96,0.0,25.39,21.38,34.68,0.0,0.0,0.0,0.0,0.0,0.0,0.0,0.0,0.0,0.0,0.0,0.0,0.0,0.0,0.0,0.0,513.9,6.38,513.4,6.43,521.9,6.59,517.5,6.61,0.0,0.0,0.0,0.0,0.0,0.0,0.0,0.0
2026-07-01T09:55:01.640650+00:00,31.3,14.32,16.98,0.0,100.0,6.0,499.0,24.9,11.6,0.0,82.56,82.56,46612.19,53453.12,0.0,0.0,0.0,0.0,0.0,13.01,0.0,25.39,21.38,34.69,0.0,0.0,0.0,0.0,0.0,0.0,0.0,0.0,0.0,0.0,0.0,0.0,0.0,0.0,0.0,0.0,516.1,6.44,518.2,6.47,521.7,6.7,517.5,6.7,0.0,0.0,0.0,0.0,0.0,0.0,0.0,0.0
2026-07-01T10:05:01.562351+00:00,31.5,12.61,18.89,0.0,100.0,6.0,560.0,25.3,12.2,0.0,87.78,87.78,46617.41,53458.34,0.0,0.0,0.0,0.0,0.0,13.1,0.0,25.39,21.38,34.69,0.0,0.0,0.0,0.0,0.0,0.0,0.0,0.0,0.0,0.0,0.0,0.0,0.0,0.0,0.0,0.0,516.4,6.46,516.7,6.51,523.2,6.73,517.2,6.76,0.0,0.0,0.0,0.0,0.0,0.0,0.0,0.0
2026-07-01T10:10:01.440637+00:00,31.5,11.02,20.48,0.0,100.0,6.0,560.0,25.3,12.2,0.0,90.41,90.41,46620.04,53460.97,0.0,0.0,0.0,0.0,0.0,13.1,0.0,25.39,21.38,34.69,0.0,0.0,0.0,0.0,0.0,0.0,0.0,0.0,0.0,0.0,0.0,0.0,0.0,0.0,0.0,0.0,516.4,6.48,516.4,6.52,522.7,6.76,516.6,6.79,0.0,0.0,0.0,0.0,0.0,0.0,0.0,0.0
2026-07-01T10:15:01.306952+00:00,31.5,9.8,21.7,0.0,100.0,5.0,560.0,25.6,12.5,0.0,93.03,93.03,46622.66,53463.59,0.0,0.0,0.0,0.0,0.0,13.11,0.0,25.4,21.39,34.69,0.0,0.0,0.0,0.0,0.0,0.0,0.0,0.0,0.0,0.0,0.0,0.0,0.0,0.0,0.0,0.0,514.8,6.49,517.5,6.49,523.1,6.75,518.2,6.78,0.0,0.0,0.0,0.0,0.0,0.0,0.0,0.0
2026-07-01T10:20:02.106709+00:00,31.5,6.07,25.43,0.0,100.0,5.0,560.0,25.6,12.5,0.0,95.65,95.65,46625.28,53466.21,0.0,0.0,0.0,0.0,0.0,13.09,0.0,25.4,21.39,34.69,0.0,0.0,0.0,0.0,0.0,0.0,0.0,0.0,0.0,0.0,0.0,0.0,0.0,0.0,0.0,0.0,514.8,6.49,517.5,6.49,523.1,6.75,518.2,6.78,0.0,0.0,0.0,0.0,0.0,0.0,0.0,0.0
2026-07-01T10:25:01.813177+00:00,31.4,16.81,14.59,0.0,100.0,5.0,560.0,25.6,12.5,0.0,98.27,98.27,46627.9,53468.83,0.0,0.0,0.0,0.0,0.0,13.08,0.0,25.4,21.39,34.7,0.0,0.0,0.0,0.0,0.0,0.0,0.0,0.0,0.0,0.0,0.0,0.0,0.0,0.0,0.0,0.0,515.0,6.47,516.7,6.49,522.5,6.77,518.9,6.79,0.0,0.0,0.0,0.0,0.0,0.0,0.0,0.0
2026-07-01T10:30:01.543395+00:00,31.1,8.18,22.92,0.0,100.0,4.0,560.0,25.9,12.7,0.0,100.9,100.9,46630.53,53471.46,0.0,0.0,0.0,0.0,8.39,12.98,0.0,25.4,21.39,34.7,0.0,0.0,0.0,0.0,0.0,0.0,0.0,0.0,510.5,6.92,521.1,7.06,249.5,7.08,0.0,0.0,515.6,6.41,516.2,6.44,522.5,6.73,519.8,6.74,0.0,0.0,0.0,0.0,0.0,0.0,0.0,0.0
2026-07-01T10:35:02.002254+00:00,30.8,12.28,18.52,0.0,100.0,4.0,560.0,25.9,12.7,0.0,103.5,103.5,46633.13,53474.06,0.0,0.0,0.0,0.0,0.0,0.0,0.0,25.4,21.39,34.7,0.0,0.0,0.0,0.0,0.0,0.0,0.0,0.0,0.0,0.0,0.0,0.0,0.0,0.0,0.0,0.0,0.0,0.0,0.0,0.0,0.0,0.0,0.0,0.0,0.0,0.0,0.0,0.0,0.0,0.0,0.0,0.0
2026-07-01T10:40:01.968725+00:00,30.8,10.24,20.56,0.0,100.0,4.0,560.0,25.9,12.7,0.0,106.09,106.09,46635.72,53476.65,0.0,0.0,0.0,0.0,8.32,12.86,0.0,25.4,21.39,34.7,0.0,0.0,0.0,0.0,0.0,0.0,0.0,0.0,512.0,6.81,521.6,6.95,251.0,6.94,0.0,0.0,518.3,6.33,515.2,6.41,522.4,6.69,520.0,6.71,0.0,0.0,0.0,0.0,0.0,0.0,0.0,0.0
2026-07-01T10:50:01.366188+00:00,30.3,8.03,22.27,0.0,100.0,3.0,560.0,26.2,12.8,0.0,111.2,111.2,46640.83,53481.76,0.0,0.0,0.0,0.0,8.28,12.62,0.0,25.4,21.39,34.7,0.0,0.0,0.0,0.0,0.0,0.0,0.0,0.0,512.0,6.71,523.6,6.84,263.3,6.67,0.0,0.0,517.3,6.2,515.6,6.27,521.6,6.56,518.2,6.6,0.0,0.0,0.0,0.0,0.0,0.0,0.0,0.0
2026-07-01T10:55:01.170269+00:00,29.9,8.17,21.73,0.0,100.0,3.0,560.0,26.2,12.8,0.0,113.73,113.73,46643.36,53484.29,0.0,0.0,0.0,0.0,8.28,12.62,0.0,25.41,21.39,34.71,0.0,0.0,0.0,0.0,0.0,0.0,0.0,0.0,508.0,6.68,522.7,6.77,297.8,6.19,0.0,0.0,517.3,6.2,515.6,6.27,521.6,6.56,518.2,6.6,0.0,0.0,0.0,0.0,0.0,0.0,0.0,0.0
